date,price_65_m1,raw_price_65_m1,contract_month_65_m1,price_62_m1,raw_price_62_m1,contract_month_62_m1
2022-03-30,146.7055674614379,182.82,2022-04,109.5276022630352,159.2,2022-04
2022-03-31,145.90310838988427,181.82,2022-04,108.97721230191443,158.4,2022-04
2022-04-01,147.1416746750276,184.14,2022-05,109.55724129663346,160.55,2022-05
2022-04-04,149.03548247876287,186.51,2022-05,111.6044024544653,163.55,2022-05
2022-04-05,148.84370447332134,186.27,2022-05,111.26320892816,163.05,2022-05
2022-04-06,147.48527693477703,184.57,2022-05,110.10315093872195,161.35,2022-05
2022-04-07,143.9373838341084,180.13,2022-05,106.55473826514678,156.15,2022-05
2022-04-08,142.8106880521393,178.72,2022-05,105.36056092307821,154.4,2022-05
2022-04-11,139.99794397232995,175.2,2022-05,103.31339976524639,151.4,2022-05
2022-04-12,142.74676205032546,178.64,2022-05,105.80411250727511,155.05,2022-05
2022-04-13,139.2707857016974,174.29,2022-05,103.51811588102956,151.7,2022-05
2022-04-14,141.38034376155446,176.93,2022-05,105.53115768623087,154.65,2022-05
2022-04-18,141.7559090222108,177.4,2022-05,105.53115768623087,154.65,2022-05
2022-04-19,139.550461959633,174.64,2022-05,102.76749012315788,150.6,2022-05
2022-04-20,139.74223996507456,174.88,2022-05,102.97220623894108,150.9,2022-05
2022-04-21,139.15092444829642,174.14,2022-05,103.3475191178769,151.45,2022-05
2022-04-22,138.67947018491932,173.55,2022-05,102.28981918633046,149.9,2022-05
2022-04-25,126.9890026032116,158.92,2022-05,92.80463915504298,136.0,2022-05
2022-04-26,129.58599642689924,162.17,2022-05,95.15887448654958,139.45,2022-05
2022-04-27,131.5277487319949,164.6,2022-05,96.31893247598762,141.15,2022-05
2022-04-28,132.74234276645805,166.12,2022-05,97.03543888122876,142.2,2022-05
2022-04-29,136.41009712052767,170.71,2022-05,99.83322579693227,146.3,2022-05
2022-05-03,133.84964869561162,166.76,2022-06,97.92449904902236,143.65,2022-06
2022-05-04,133.52858933198578,166.36,2022-06,97.37914854961952,142.85,2022-06
2022-05-05,135.23020395920273,168.48,2022-06,98.74252479812661,144.85,2022-06
2022-05-06,128.94546691622696,160.65,2022-06,94.00479233456446,137.9,2022-06
2022-05-09,121.46478374374496,151.33,2022-06,87.08565787339093,127.75,2022-06
2022-05-10,118.33445494839303,147.43,2022-06,86.30171653049933,126.6,2022-06
2022-05-11,122.25137918462825,152.31,2022-06,89.98283240146851,132.0,2022-06
2022-05-12,117.25087959615584,146.08,2022-06,85.48369078139508,125.4,2022-06
2022-05-13,118.49498463020595,147.63,2022-06,86.71072940505147,127.2,2022-06
2022-05-16,120.89490337330909,150.62,2022-06,88.44903412189802,129.75,2022-06
2022-05-17,119.4822421733554,148.86,2022-06,87.63100837279377,128.55,2022-06
2022-05-18,117.81273348250105,146.78,2022-06,85.21101553169366,125.0,2022-06
2022-05-19,119.40197733244894,148.76,2022-06,86.57439178020076,127.0,2022-06
2022-05-20,125.50210524133986,156.36,2022-06,91.3802930561883,134.05,2022-06
2022-05-23,125.60644953451825,156.49,2022-06,91.34620864997561,134.0,2022-06
2022-05-24,121.88216091645853,151.85,2022-06,88.0059368411332,129.1,2022-06
2022-05-25,124.54695363455298,155.17,2022-06,89.13072224615158,130.75,2022-06
2022-05-26,122.82928603915475,153.03,2022-06,88.21044327840929,129.4,2022-06
2022-05-27,125.5101317254305,156.37,2022-06,90.56226730708401,132.85,2022-06
2022-05-30,126.82647511629642,158.01,2022-06,91.89155914937845,134.8,2022-06
2022-05-31,126.53752168903318,157.65,2022-06,92.36874083635593,135.5,2022-06
2022-06-01,126.97981738268375,155.03,2022-07,92.61072481309787,133.95,2022-07
2022-06-02,132.45117892636128,161.71,2022-07,97.58868090607515,141.15,2022-07
2022-06-03,134.40055624282124,164.09,2022-07,98.48747853397381,142.45,2022-07
2022-06-06,135.33429159608357,165.23,2022-07,99.80110583628726,144.35,2022-07
2022-06-07,134.1630270740089,163.8,2022-07,99.83567497582183,144.4,2022-07
2022-06-08,134.15483641301535,163.79,2022-07,100.28507378977118,145.05,2022-07
2022-06-09,131.673066131976,160.76,2022-07,97.89980316188623,141.6,2022-07
2022-06-10,130.05950591625074,158.79,2022-07,96.79359069678017,140.0,2022-07
2022-06-13,125.86588748756377,153.67,2022-07,93.44038416192744,135.15,2022-07
2022-06-14,124.43252181369614,151.92,2022-07,91.78106546426834,132.75,2022-07
2022-06-15,121.29549865317446,148.09,2022-07,89.36122569684883,129.25,2022-07
2022-06-16,120.06689950414508,146.59,2022-07,87.28707732477497,126.25,2022-07
2022-06-17,112.80178320288464,137.72,2022-07,82.62024348760879,119.5,2022-07
2022-06-20,104.72579146326481,127.86,2022-07,76.32866009231809,110.4,2022-07
2022-06-21,108.07577180961826,131.95,2022-07,79.43988265042887,114.9,2022-07
2022-06-22,101.834488132549,124.33,2022-07,75.32615504581571,108.95,2022-07
2022-06-23,107.39594694715535,131.12,2022-07,81.47946188296817,117.85,2022-07
2022-06-24,105.48752293566302,128.79,2022-07,79.05962211554866,114.35,2022-07
2022-06-27,110.03333978707177,134.34,2022-07,82.75852004574705,119.7,2022-07
2022-06-28,113.75189987813403,138.88,2022-07,85.38577465037393,123.5,2022-07
2022-06-29,112.98197774474228,137.94,2022-07,85.86974260385784,124.2,2022-07
2022-06-30,110.57392341264469,135.0,2022-07,81.65230758064098,118.1,2022-07
2022-07-01,106.85687645574185,129.94,2022-08,79.12233370399125,114.15,2022-08
2022-07-04,101.67603667067819,123.64,2022-08,75.72593041752995,109.25,2022-08
2022-07-05,104.05264412763597,126.53,2022-08,77.52810358993798,111.85,2022-08
2022-07-06,102.61352196511828,124.78,2022-08,76.97358876765858,111.05,2022-08
2022-07-07,104.37336278099706,126.92,2022-08,79.33027676234602,114.45,2022-08
2022-07-08,103.78949036077559,126.21,2022-08,78.60247605810432,113.4,2022-08
2022-07-11,101.39643579338903,123.3,2022-08,76.86961723848121,110.9,2022-08
2022-07-12,96.91459820154823,117.85,2022-08,72.88404195334805,105.15,2022-08
2022-07-13,99.38166476586427,120.85,2022-08,74.755529478541,107.85,2022-08
2022-07-14,91.71731130605579,111.53,2022-08,69.38366713770935,100.1,2022-08
2022-07-15,88.13184123258316,107.17,2022-08,66.64575020270485,96.15,2022-08
2022-07-18,91.24034510362137,110.95,2022-08,69.93818195998877,100.9,2022-08
2022-07-19,88.26341811601334,107.33,2022-08,67.09629349580685,96.8,2022-08
2022-07-20,90.07260026317843,109.53,2022-08,68.65586643346765,99.05,2022-08
2022-07-21,88.68281943194707,107.84,2022-08,67.68546549447872,97.65,2022-08
2022-07-22,93.13998635814471,113.26,2022-08,71.98295536714403,103.85,2022-08
2022-07-25,95.34389915560035,115.94,2022-08,73.4732139520199,106.0,2022-08
2022-07-26,101.56090689767677,123.5,2022-08,77.56276076633046,111.9,2022-08
2022-07-27,101.96386110318171,123.99,2022-08,77.80536100107769,112.25,2022-08
2022-07-28,107.5805493146079,130.82,2022-08,81.2710786403239,117.25,2022-08
2022-07-29,104.86677609386025,127.52,2022-08,80.16204899576512,115.65,2022-08
2022-08-01,104.9159016916556,128.14,2022-09,79.32630217739052,113.9,2022-09
2022-08-02,105.14515448136736,128.42,2022-09,79.46559331378627,114.1,2022-09
2022-08-03,101.41160904891888,123.86,2022-09,76.81906172226667,110.3,2022-09
2022-08-04,98.12019399662876,119.84,2022-09,73.65018836926292,105.75,2022-09
2022-08-05,100.51916068896956,122.77,2022-09,75.70473263110051,108.7,2022-09
2022-08-08,102.51693499931481,125.21,2022-09,77.55034018834445,111.35,2022-09
2022-08-09,100.78935147684412,123.1,2022-09,76.81906172226667,110.3,2022-09
2022-08-10,100.379971495216,122.6,2022-09,76.22707439258465,109.45,2022-09
2022-08-11,102.19761861364486,124.82,2022-09,78.00303638163071,112.0,2022-09
2022-08-12,100.19984430329963,122.38,2022-09,76.22707439258465,109.45,2022-09
2022-08-15,96.50723686901395,117.87,2022-09,73.51089723286715,105.55,2022-09
2022-08-16,96.26160888003707,117.57,2022-09,73.51089723286715,105.55,2022-09
2022-08-17,92.97019382774695,113.55,2022-09,70.72507450495176,101.55,2022-09
2022-08-18,93.0930078222354,113.7,2022-09,70.96883399364437,101.9,2022-09
2022-08-19,92.5444386468537,113.03,2022-09,70.3420238798634,101.0,2022-09
2022-08-22,93.28951021341689,113.94,2022-09,70.79472007314965,101.65,2022-09
2022-08-23,94.82059134470609,115.81,2022-09,72.22245422120629,103.7,2022-09
2022-08-24,95.0989697322132,116.15,2022-09,72.50103649399782,104.1,2022-09
2022-08-25,94.57496335572921,115.51,2022-09,72.08316308481051,103.5,2022-09
2022-08-26,96.84292845394901,118.28,2022-09,73.82430228975763,106.0,2022-09
2022-08-29,93.82989178916601,114.6,2022-09,71.24741626643589,102.3,2022-09
2022-08-30,90.1454719545129,110.1,2022-09,68.04372012933321,97.7,2022-09
2022-08-31,92.92106822995159,113.49,2022-09,70.3420238798634,101.0,2022-09
2022-09-01,88.64294954333573,107.33,2022-10,66.94233463405038,95.5,2022-10
2022-09-02,87.89138815244377,106.42,2022-10,66.1011744082822,94.3,2022-10
2022-09-05,90.6746429736591,109.79,2022-10,68.41436502914468,97.6,2022-10
2022-09-06,89.79093892063227,108.72,2022-10,68.06388160174127,97.1,2022-10
2022-09-07,89.33669851954372,108.17,2022-10,67.95873657352026,96.95,2022-10
2022-09-08,92.21906033736018,111.66,2022-10,70.16678216616171,100.1,2022-10
2022-09-09,94.79584224898981,114.78,2022-10,72.09444101688044,102.85,2022-10
2022-09-12,93.98646844341383,113.8,2022-10,71.7089092467367,102.3,2022-10
2022-09-13,95.01057407495895,115.04,2022-10,72.62016615798555,103.6,2022-10
2022-09-14,92.85499689888417,112.43,2022-10,70.4121205653441,100.45,2022-10
2022-09-15,92.78066665143331,112.34,2022-10,70.48221725082477,100.55,2022-10
2022-09-16,90.63334839174195,109.74,2022-10,68.7648484565481,98.1,2022-10
2022-09-19,89.85701025169969,108.8,2022-10,68.30922000092367,97.45,2022-10
2022-09-20,89.28714502124315,108.11,2022-10,67.04747966227141,95.65,2022-10
2022-09-21,88.91549378398886,107.66,2022-10,66.83718960582937,95.35,2022-10
2022-09-22,91.31057953518308,110.56,2022-10,68.94009017024979,98.35,2022-10
2022-09-23,90.93066938154537,110.1,2022-10,67.50310811789583,96.3,2022-10
2022-09-26,89.26236827209286,108.08,2022-10,67.04747966227141,95.65,2022-10
2022-09-27,92.26035491927732,111.71,2022-10,68.20407497270264,97.3,2022-10
2022-09-28,90.2369204053374,109.26,2022-10,66.55680286390664,94.95,2022-10
2022-09-29,90.79026780302709,109.93,2022-10,67.08252800501175,95.7,2022-10
2022-09-30,90.64986622450881,109.76,2022-10,66.8722379485697,95.4,2022-10
2022-10-03,88.71286789590548,107.17,2022-11,65.59034201345334,92.1,2022-11
2022-10-04,89.6317004363968,108.28,2022-11,66.55176396479061,93.45,2022-11
2022-10-05,89.79725584909794,108.48,2022-11,66.6229804056304,93.55,2022-11
2022-10-06,90.29392208720135,109.08,2022-11,66.9434543894095,94.0,2022-11
2022-10-07,90.2276999221209,109.0,2022-11,67.22832015276869,94.4,2022-11
2022-10-10,92.87658652533914,112.2,2022-11,68.79508185124422,96.6,2022-11
2022-10-11,90.77403278403466,109.66,2022-11,67.29953659360848,94.5,2022-11
2022-10-12,89.95453349116403,108.67,2022-11,66.9434543894095,94.0,2022-11
2022-10-13,87.79403535541415,106.06,2022-11,65.41230091135385,91.85,2022-11
2022-10-14,88.6300901895549,107.07,2022-11,66.8722379485697,93.9,2022-11
2022-10-17,86.46131428316998,104.45,2022-11,65.34108447051405,91.75,2022-11
2022-10-18,86.78414733793721,104.84,2022-11,65.87520777681253,92.5,2022-11
2022-10-19,86.16331454030794,104.09,2022-11,65.62595023387325,92.15,2022-11
2022-10-20,83.92003869820749,101.38,2022-11,64.16601319665739,90.1,2022-11
2022-10-21,84.69814913790285,102.32,2022-11,64.59331184169618,90.7,2022-11
2022-10-24,84.573982578377,102.17,2022-11,64.48648718043648,90.55,2022-11
2022-10-25,82.8604840569202,100.1,2022-11,63.062158363640535,88.55,2022-11
2022-10-26,81.11387445292318,97.99,2022-11,61.495396665164996,86.35,2022-11
2022-10-27,76.99982244729988,93.02,2022-11,58.6111308111532,82.3,2022-11
2022-10-28,76.32932302586026,92.21,2022-11,57.07997733309757,80.15,2022-11
2022-10-31,74.28471367900119,89.74,2022-11,56.01173072050061,78.65,2022-11
2022-11-01,74.72698393568362,89.55,2022-12,56.8098253292124,78.3,2022-12
2022-11-02,77.03012715916199,92.31,2022-12,58.55112265731087,80.7,2022-12
2022-11-03,78.03149377806562,93.51,2022-12,59.421771321360104,81.9,2022-12
2022-11-04,81.67813721523967,97.88,2022-12,62.650426783876,86.35,2022-12
2022-11-07,81.6197241624703,97.81,2022-12,62.54159570086985,86.2,2022-12
2022-11-08,83.15515297812254,99.65,2022-12,63.6661835586001,87.75,2022-12
2022-11-09,83.5473549038598,100.12,2022-12,64.10150789062472,88.35,2022-12
2022-11-10,81.74489498983326,97.96,2022-12,62.46904164553241,86.1,2022-12
2022-11-11,85.88387701463495,102.92,2022-12,66.06046738473549,91.05,2022-12
2022-11-14,87.9283338615632,105.37,2022-12,68.30964310019601,94.15,2022-12
2022-11-15,89.16335269154433,106.85,2022-12,68.6724133768832,94.65,2022-12
2022-11-16,91.06594926746124,109.13,2022-12,70.88531206467499,97.7,2022-12
2022-11-17,91.23284370394518,109.33,2022-12,70.23232556663807,96.8,2022-12
2022-11-18,92.07566060818908,110.34,2022-12,71.68340667338678,98.8,2022-12
2022-11-21,89.27183407525891,106.98,2022-12,69.21656879191397,95.4,2022-12
2022-11-22,87.94502330521159,105.39,2022-12,67.4752714638155,93.0,2022-12
2022-11-23,89.8309304374801,107.65,2022-12,69.25284581958269,95.45,2022-12
2022-11-24,90.21478764139316,108.11,2022-12,69.50678501326371,95.8,2022-12
2022-11-25,93.06868250526851,111.53,2022-12,72.37267019909243,99.75,2022-12
2022-11-28,92.31765754109078,110.63,2022-12,71.2843593690309,98.25,2022-12
2022-11-29,94.62914548639334,113.4,2022-12,73.1344877801355,100.8,2022-12
2022-11-30,94.48728521538199,113.23,2022-12,73.38842697381654,101.15,2022-12
2022-12-01,96.1704125318722,115.99,2023-01,74.70744013959656,101.95,2023-01
2022-12-02,100.09218209197012,120.72,2023-01,77.71185901720662,106.05,2023-01
2022-12-05,102.22303785718188,123.29,2023-01,79.54382174745666,108.55,2023-01
2022-12-06,102.00746490039002,123.03,2023-01,79.32398621982665,108.25,2023-01
2022-12-07,100.34921138660656,121.03,2023-01,77.49202348957662,105.75,2023-01
2022-12-08,103.22628123302087,124.5,2023-01,80.09341056653167,109.3,2023-01
2022-12-09,105.33226319552588,127.04,2023-01,81.81545553296671,111.65,2023-01
2022-12-12,103.34235897898571,124.64,2023-01,80.23996758495167,109.5,2023-01
2022-12-13,102.78684405186824,123.97,2023-01,79.50718249285165,108.5,2023-01
2022-12-14,102.58785363021424,123.73,2023-01,79.76365727508666,108.85,2023-01
2022-12-15,104.90940854951108,126.53,2023-01,81.5589807507317,111.3,2023-01
2022-12-16,104.61092291703007,126.17,2023-01,81.6322592599417,111.4,2023-01
2022-12-19,101.58461025437524,122.52,2023-01,78.95759367377664,107.75,2023-01
2022-12-20,102.87804799512634,124.08,2023-01,80.05677131192667,109.25,2023-01
2022-12-21,105.1581465765786,126.83,2023-01,82.76807615269674,112.95,2023-01
2022-12-22,104.03053418720584,125.47,2023-01,81.3391452231017,111.0,2023-01
2022-12-23,103.7237572871559,125.1,2023-01,81.0093919316567,110.55,2023-01
2022-12-27,106.02043840374601,127.87,2023-01,83.39094348098173,113.8,2023-01
2022-12-28,105.821447982092,127.63,2023-01,83.06119018953673,113.35,2023-01
2022-12-29,107.29729360935927,129.41,2023-01,84.60003888294676,115.45,2023-01
2022-12-30,108.48294487171447,130.84,2023-01,85.77249503030679,117.05,2023-01
2023-01-03,108.36651116823364,130.3,2023-02,85.99403397571437,116.45,2023-02
2023-01-04,107.60137540250243,129.38,2023-02,85.18172450921986,115.35,2023-02
2023-01-05,107.65959225424284,129.45,2023-02,84.99710872138019,115.1,2023-02
2023-01-06,109.9050993928018,132.15,2023-02,87.06480554518441,117.9,2023-02
2023-01-09,109.48094804440731,131.64,2023-02,86.47403502409749,117.1,2023-02
2023-01-10,111.66823833122587,134.27,2023-02,88.72634763574136,120.15,2023-02
2023-01-11,113.26504340753445,136.19,2023-02,90.12942762332278,122.05,2023-02
2023-01-12,113.30662687306332,136.24,2023-02,90.12942762332278,122.05,2023-02
2023-01-13,116.06776898418025,139.56,2023-02,91.90173918658354,124.45,2023-02
2023-01-16,110.6369683861099,133.03,2023-02,88.43096237519791,119.75,2023-02
2023-01-17,111.69318841054319,134.3,2023-02,89.13250236898863,120.7,2023-02
2023-01-18,112.73277504876492,135.55,2023-02,90.27712025359452,122.25,2023-02
2023-01-19,114.50423068029475,137.68,2023-02,91.31096866549663,123.65,2023-02
2023-01-20,116.8162713636999,140.46,2023-02,93.26789601659704,126.3,2023-02
2023-01-23,116.83290474991144,140.48,2023-02,93.5632812771405,126.7,2023-02
2023-01-24,116.4337034808343,140.0,2023-02,92.67712549551013,125.5,2023-02
2023-01-25,116.35885324288232,139.91,2023-02,92.93558759848564,125.85,2023-02
2023-01-26,116.9742885327096,140.65,2023-02,93.30481917416496,126.35,2023-02
2023-01-27,117.6396239811715,141.45,2023-02,93.71097390741222,126.9,2023-02
2023-01-30,119.6772137920861,143.9,2023-02,95.15097705256159,128.85,2023-02
2023-01-31,119.06177850225883,143.16,2023-02,94.44943705877087,127.9,2023-02
2023-02-01,118.09454225978652,141.63,2023-03,93.63265733577835,126.1,2023-03
2023-02-02,116.43523180933835,139.64,2023-03,91.85059248561286,123.7,2023-03
2023-02-03,117.1356442607838,140.48,2023-03,92.63024585756027,124.75,2023-03
2023-02-06,115.86823125340632,138.96,2023-03,91.36794992202638,123.05,2023-03
2023-02-07,113.95877349887047,136.67,2023-03,89.80864317813158,120.95,2023-03
2023-02-08,114.36734742888032,137.16,2023-03,90.25415939067295,121.55,2023-03
2023-02-09,116.07668734014604,139.21,2023-03,91.9248451877031,123.8,2023-03
2023-02-10,116.6270114091389,139.87,2023-03,92.4446141023347,124.5,2023-03
2023-02-13,112.99987549986777,135.52,2023-03,89.40025331663533,120.4,2023-03
2023-02-14,114.65918595031593,137.51,2023-03,90.922433709485,122.45,2023-03
2023-02-15,115.31790718441346,138.3,2023-03,91.66496073038729,123.45,2023-03
2023-02-16,116.34351113117287,139.53,2023-03,92.40748775128958,124.45,2023-03
2023-02-17,118.3363513204046,141.92,2023-03,93.33564652741744,125.7,2023-03
2023-02-20,119.94563231003525,143.85,2023-03,95.60035394116942,128.75,2023-03
2023-02-21,122.17194331641548,146.52,2023-03,96.52851271729728,130.0,2023-03
2023-02-22,121.31310423904783,145.49,2023-03,96.67701812147773,130.2,2023-03
2023-02-23,120.93788328291632,145.04,2023-03,96.26862825998148,129.65,2023-03
2023-02-24,117.98614509468187,141.5,2023-03,94.11529989936484,126.75,2023-03
2023-02-27,114.26728850724525,137.04,2023-03,91.25657086889105,122.9,2023-03
2023-02-28,115.35959840176139,138.35,2023-03,92.1847296450189,124.15,2023-03
2023-03-01,117.63058860711352,140.37,2023-04,94.16438550854646,126.05,2023-04
2023-03-02,117.76466920964353,140.53,2023-04,94.3511454956717,126.3,2023-04
2023-03-03,117.0104658204122,139.63,2023-04,93.75351353687093,125.5,2023-04
2023-03-06,116.34844284542025,138.84,2023-04,93.15588157807015,124.7,2023-04
2023-03-07,118.68647335203738,141.63,2023-04,94.91142545704741,127.05,2023-04
2023-03-08,118.87083418051614,141.85,2023-04,94.68731347249714,126.75,2023-04
2023-03-09,119.76749820993561,142.92,2023-04,95.24759343387285,127.5,2023-04
2023-03-10,120.9574635573895,144.34,2023-04,96.18139336949906,128.75,2023-04
2023-03-13,123.28711402634852,147.12,2023-04,97.93693724847631,131.1,2023-04
2023-03-14,123.97427711431483,147.94,2023-04,98.60927320212718,132.0,2023-04
2023-03-15,124.61954001399054,148.71,2023-04,97.26460129482545,130.2,2023-04
2023-03-16,122.15580894250152,145.77,2023-04,96.21874536692411,128.8,2023-04
2023-03-17,123.54689519375042,147.43,2023-04,97.33930528967556,130.3,2023-04
2023-03-20,119.13061534791805,142.16,2023-04,94.01497751884627,125.85,2023-04
2023-03-21,117.59706845648103,140.33,2023-04,92.14737764759386,123.35,2023-04
2023-03-22,114.82327599164134,137.02,2023-04,89.79420180981582,120.2,2023-04
2023-03-23,113.15564849767428,135.03,2023-04,88.18806592053875,118.05,2023-04
2023-03-24,114.37913399576067,136.49,2023-04,88.0760099282636,117.9,2023-04
2023-03-27,115.3009381381545,137.59,2023-04,89.86890580466591,120.3,2023-04
2023-03-28,116.8177249542753,139.4,2023-04,91.77385767334337,122.85,2023-04
2023-03-29,117.46298785395099,140.17,2023-04,92.93176959351987,124.4,2023-04
2023-03-30,119.49933700487558,142.6,2023-04,94.38849749309674,126.35,2023-04
2023-03-31,119.35687636468747,142.43,2023-04,94.72466546992217,126.8,2023-04
2023-04-03,115.6325036606146,137.23,2023-05,91.7739770087984,121.3,2023-05
2023-04-04,113.76189112598978,135.01,2023-05,89.84468070729439,118.75,2023-05
2023-04-05,113.113075066683,134.24,2023-05,89.12592326163603,117.8,2023-05
2023-04-06,112.43898045961097,133.44,2023-05,88.78545920842944,117.35,2023-05
2023-04-10,112.44740664219937,133.45,2023-05,89.20158194012639,117.9,2023-05
2023-04-11,114.419133367885,135.79,2023-05,90.48777947446239,119.6,2023-05
2023-04-12,112.96982996268018,134.07,2023-05,89.20158194012639,117.9,2023-05
2023-04-13,111.57108365300576,132.41,2023-05,87.99104308428073,116.3,2023-05
2023-04-14,111.68905020924338,132.55,2023-05,88.02887242352591,116.35,2023-05
2023-04-17,111.86600004359975,132.76,2023-05,88.74762986918427,117.3,2023-05
2023-04-18,112.7423230327934,133.8,2023-05,88.93677656541016,117.55,2023-05
2023-04-19,112.40527572925738,133.4,2023-05,88.48282449446803,116.95,2023-05
2023-04-20,110.68633448122377,131.36,2023-05,87.0831389423965,115.1,2023-05
2023-04-21,104.19817388815567,123.66,2023-05,81.78703144807177,108.1,2023-05
2023-04-24,100.53278446220163,119.31,2023-05,78.6850256299673,104.0,2023-05
2023-04-25,99.11718578735041,117.63,2023-05,77.13402272091506,101.95,2023-05
2023-04-26,101.38382890363003,120.32,2023-05,79.3281243971353,104.85,2023-05
2023-04-27,100.31370371490323,119.05,2023-05,78.79851364770283,104.15,2023-05
2023-04-28,101.07206014785923,119.95,2023-05,79.06331902241907,104.5,2023-05
2023-05-02,101.24399526761403,117.77,2023-06,79.4917409481563,102.05,2023-06
2023-05-03,100.40151318081551,116.79,2023-06,78.86858178344758,101.25,2023-06
2023-05-04,98.77672629913266,114.9,2023-06,76.99910428932141,98.85,2023-06
2023-05-05,97.62476099677549,113.56,2023-06,76.88226194593854,98.7,2023-06
2023-05-08,103.0407172690517,119.86,2023-06,81.8675352636083,105.1,2023-06
2023-05-09,100.06623969729365,116.4,2023-06,79.72542563492208,102.35,2023-06
2023-05-10,101.24399526761403,117.77,2023-06,80.50437459080797,103.35,2023-06
2023-05-11,97.08316536954788,112.93,2023-06,76.25910278122981,97.9,2023-06
2023-05-12,97.92564745634638,113.91,2023-06,77.46647366285296,99.45,2023-06
2023-05-15,102.57649244571373,119.32,2023-06,81.9454301591969,105.2,2023-06
2023-05-16,102.48192812984858,119.21,2023-06,81.67279802463683,104.85,2023-06
2023-05-17,104.98358412228094,122.12,2023-06,84.20438213126602,108.1,2023-06
2023-05-18,103.8144253079483,120.76,2023-06,82.91911635405428,106.45,2023-06
2023-05-19,102.44754110589764,119.17,2023-06,82.06227250257977,105.35,2023-06
2023-05-22,99.73956296975953,116.02,2023-06,79.53068839595059,102.1,2023-06
2023-05-23,97.41843885306973,113.32,2023-06,77.54436855844155,99.55,2023-06
2023-05-24,93.89376889809633,109.22,2023-06,74.07804570474929,95.1,2023-06
2023-05-25,93.97113970198599,109.31,2023-06,74.38962528710364,95.5,2023-06
2023-05-26,98.03740528418702,114.04,2023-06,78.7517394400647,101.1,2023-06
2023-05-29,99.43867651018863,115.67,2023-06,80.42647969521938,103.25,2023-06
2023-05-30,97.38405182911877,113.28,2023-06,78.94647667903617,101.35,2023-06
2023-05-31,97.66774477671419,113.61,2023-06,78.44015985771034,100.7,2023-06
2023-06-01,100.90848650931063,115.52,2023-07,81.88543756341161,102.2,2023-07
2023-06-02,102.52448979914985,117.37,2023-07,83.44783094157847,104.15,2023-07
2023-06-05,103.63385421974216,118.64,2023-07,83.84844462828792,104.65,2023-07
2023-06-06,104.57725073489152,119.72,2023-07,85.37077663778382,106.55,2023-07
2023-06-07,105.55558786171311,120.84,2023-07,86.13194264253178,107.5,2023-07
2023-06-08,107.91407914958654,123.54,2023-07,88.29525655076282,110.2,2023-07
2023-06-09,109.87075340322967,125.78,2023-07,90.21820224696816,112.6,2023-07
2023-06-12,106.13210795430439,121.5,2023-07,87.53409054601485,109.25,2023-07
2023-06-13,108.36830710132512,124.06,2023-07,89.37691350487832,111.55,2023-07
2023-06-14,109.1195302522774,124.92,2023-07,90.338386352981,112.75,2023-07
2023-06-15,109.92316432073797,125.84,2023-07,90.7790614083614,113.3,2023-07
2023-06-16,110.02798615575456,125.96,2023-07,91.33992056975463,114.0,2023-07
2023-06-19,110.30751104913216,126.28,2023-07,91.5802887817803,114.3,2023-07
2023-06-20,109.69605034486868,125.58,2023-07,90.45857045899385,112.9,2023-07
2023-06-21,107.65202456204503,123.24,2023-07,88.89617708082699,110.95,2023-07
2023-06-22,108.44692347758757,124.15,2023-07,89.17660666152359,111.3,2023-07
2023-06-23,106.28934070682928,121.68,2023-07,87.45396780867297,109.15,2023-07
2023-06-26,106.08843218971414,121.45,2023-07,87.21359959664728,108.85,2023-07
2023-06-27,109.04091387601494,124.83,2023-07,90.17814087829723,112.55,2023-07
2023-06-28,109.65237458027843,125.53,2023-07,90.69893867101952,113.2,2023-07
2023-06-29,109.45146606316328,125.3,2023-07,90.37844772165195,112.8,2023-07
2023-06-30,107.49479180952014,123.06,2023-07,88.89617708082699,110.95,2023-07
2023-07-03,106.96807171898756,121.85,2023-08,88.48858342158431,108.55,2023-08
2023-07-04,107.38066912323806,122.32,2023-08,88.7738989830542,108.9,2023-08
2023-07-05,108.33754395437222,123.41,2023-08,89.30377074006967,109.55,2023-08
2023-07-06,108.95205072666022,124.11,2023-08,89.67060503338807,110.0,2023-08
2023-07-07,106.748605014599,121.6,2023-08,87.59187737125043,107.45,2023-08
2023-07-10,103.12301505809987,117.47,2023-08,84.33112809730906,103.45,2023-08
2023-07-11,104.94897803861275,119.55,2023-08,86.40985575944669,106.0,2023-08
2023-07-12,107.8196025320152,122.82,2023-08,88.85541771490273,109.0,2023-08
2023-07-13,108.69746934956947,123.82,2023-08,89.91516122893367,110.3,2023-08
2023-07-14,112.64787002856367,128.32,2023-08,93.21666986879931,114.35,2023-08
2023-07-17,111.03259508426383,126.48,2023-08,91.7493326955257,112.55,2023-08
2023-07-18,112.08603526532896,127.68,2023-08,92.68679811178386,113.7,2023-08
2023-07-19,110.79557104352418,126.21,2023-08,91.91237015922277,112.75,2023-08
2023-07-20,112.60397668768597,128.27,2023-08,93.8688197235876,115.15,2023-08
2023-07-21,111.71733120195616,127.26,2023-08,92.27920445254118,113.2,2023-08
2023-07-24,110.97114440703503,126.41,2023-08,92.03464825699558,112.9,2023-08
2023-07-25,112.74443537849466,128.43,2023-08,93.46122606434493,114.65,2023-08
2023-07-26,112.96390208288322,128.68,2023-08,93.33894796657212,114.5,2023-08
2023-07-27,109.90014688961882,125.19,2023-08,90.44503298594915,110.95,2023-08
2023-07-28,107.41578379594024,122.36,2023-08,88.36630532381152,108.4,2023-08
2023-07-31,107.9600612228239,122.98,2023-08,88.89617708082699,109.05,2023-08
2023-08-01,106.40290217609233,119.58,2023-09,86.86922841774624,105.0,2023-09
2023-08-02,104.3118600276242,117.23,2023-09,85.8350709365826,103.75,2023-09
2023-08-03,101.52676984689859,114.1,2023-09,83.84948857274838,101.35,2023-09
2023-08-04,102.22971593085171,114.89,2023-09,83.27036038329676,100.65,2023-09
2023-08-07,101.59795426046347,114.18,2023-09,83.84948857274838,101.35,2023-09
2023-08-08,100.78823155616304,113.27,2023-09,82.64986589459858,99.9,2023-09
2023-08-09,101.69583282911518,114.29,2023-09,83.84948857274838,101.35,2023-09
2023-08-10,100.80602765955427,113.29,2023-09,83.2289940840502,100.6,2023-09
2023-08-11,102.6212302054585,115.33,2023-09,84.80091345541895,102.5,2023-09
2023-08-14,100.49459585020794,112.94,2023-09,82.93942998932438,100.25,2023-09
2023-08-15,101.0373770036401,113.55,2023-09,83.60129077726911,101.05,2023-09
2023-08-16,100.87721207311914,113.37,2023-09,83.27036038329676,100.65,2023-09
2023-08-17,105.1927671454895,118.22,2023-09,87.07605991397897,105.25,2023-09
2023-08-18,106.19824698709331,119.35,2023-09,88.15158369438916,106.55,2023-09
2023-08-21,106.50078074474402,119.69,2023-09,88.89617708082699,107.45,2023-09
2023-08-22,109.41934170090377,122.97,2023-09,91.54362023260592,110.65,2023-09
2023-08-23,111.73283514176211,125.57,2023-09,93.6946677934263,113.25,2023-09
2023-08-24,110.49600595607247,124.18,2023-09,92.7846092100023,112.15,2023-09
2023-08-25,112.08875720958646,125.97,2023-09,94.19106338438485,113.85,2023-09
2023-08-28,110.66506893828904,124.37,2023-09,93.07417330472812,112.5,2023-09
2023-08-29,110.59388452472416,124.29,2023-09,93.48783629719357,113.0,2023-09
2023-08-30,112.17773772654255,126.07,2023-09,94.6874589753434,114.45,2023-09
2023-08-31,113.70820261818731,127.79,2023-09,96.17664574821906,116.25,2023-09
2023-09-01,113.49271013059757,126.4,2023-10,96.59865823504758,114.45,2023-10
2023-09-04,114.1032721787685,127.08,2023-10,96.72526198109612,114.6,2023-10
2023-09-05,113.65432949628988,126.58,2023-10,97.06287197055894,115.0,2023-10
2023-09-06,114.53425715394799,127.56,2023-10,98.11790318763025,116.25,2023-10
2023-09-07,112.8911269360762,125.73,2023-10,96.09224325085336,113.85,2023-10
2023-09-08,111.95732615652065,124.69,2023-10,95.58582826665914,113.25,2023-10
2023-09-11,115.49499449445226,128.63,2023-10,99.46834314548148,117.85,2023-10
2023-09-12,116.5904146397001,129.85,2023-10,100.48117311386993,119.05,2023-10
2023-09-13,117.03935732217873,130.35,2023-10,100.81878310333275,119.45,2023-10
2023-09-14,117.67685593129839,131.06,2023-10,102.38022930459826,121.3,2023-10
2023-09-15,119.23917646632404,132.8,2023-10,103.68846801376667,122.85,2023-10
2023-09-18,118.1706928820249,131.61,2023-10,102.76004054274392,121.75,2023-10
2023-09-19,116.79692827364029,130.08,2023-10,101.62060682830693,120.4,2023-10
2023-09-20,118.28741797946934,131.74,2023-10,103.05544928352388,122.1,2023-10
2023-09-21,114.41753205650355,127.43,2023-10,99.08853190733583,117.4,2023-10
2023-09-22,117.87439071158899,131.28,2023-10,102.0848205638183,120.95,2023-10
2023-09-25,113.0886617163668,125.95,2023-10,97.94909819289883,116.05,2023-10
2023-09-26,112.15486093681125,124.91,2023-10,97.0206707218761,114.95,2023-10
2023-09-27,113.06172515541809,125.92,2023-10,98.20230568499593,116.35,2023-10
2023-09-28,114.4983417393497,127.52,2023-10,100.05916062704142,118.55,2023-10
2023-09-29,115.86312749408472,129.04,2023-10,100.98758809806417,119.65,2023-10
2023-10-02,116.7770030018475,129.06,2023-11,101.84925693849134,118.2,2023-11
2023-10-03,115.14831397811183,127.26,2023-11,100.38441990976514,116.5,2023-11
2023-10-04,114.05347302326729,126.05,2023-11,99.47966762731662,115.45,2023-11
2023-10-05,113.01292170254729,124.9,2023-11,98.87649943901759,114.75,2023-11
2023-10-06,112.75957007663285,124.62,2023-11,99.00574976508167,114.9,2023-11
2023-10-09,110.72370879696327,122.37,2023-11,96.93774454805647,112.5,2023-11
2023-10-10,109.28503349266342,120.78,2023-11,95.559074403373,110.9,2023-11
2023-10-11,111.36613613410344,123.08,2023-11,96.98082799007783,112.55,2023-11
2023-10-12,113.18483887727494,125.09,2023-11,99.00574976508167,114.9,2023-11
2023-10-13,112.90434243429824,124.78,2023-11,98.35949813476131,114.15,2023-11
2023-10-16,115.96265848997966,128.16,2023-11,101.03067154008552,117.25,2023-11
2023-10-17,116.4965065588708,128.75,2023-11,101.1599218661496,117.4,2023-11
2023-10-18,114.75923826688609,126.83,2023-11,99.82433516348748,115.85,2023-11
2023-10-19,115.63692068523252,127.8,2023-11,100.64292056189329,116.8,2023-11
2023-10-20,111.47471540235249,123.2,2023-11,97.06699487412055,112.65,2023-11
2023-10-23,111.42947404058205,123.15,2023-11,97.3254955262487,112.95,2023-11
2023-10-24,114.24348674270313,126.26,2023-11,99.99666893157291,116.05,2023-11
2023-10-25,115.2478449740068,127.37,2023-11,101.11683842412823,117.35,2023-11
2023-10-26,115.05783125457096,127.16,2023-11,100.2120861416797,116.3,2023-11
2023-10-27,117.4194303389877,129.77,2023-11,103.18484364115345,119.75,2023-11
2023-10-30,119.23813308215918,131.78,2023-11,104.95126476402913,121.8,2023-11
2023-10-31,118.77667119210075,131.27,2023-11,104.82201443796507,121.65,2023-11
2023-11-01,120.60079335817747,132.89,2023-12,106.84373882544782,121.55,2023-12
2023-11-02,121.66259581305796,134.06,2023-12,107.5908978382132,122.4,2023-12
2023-11-03,121.83502527154283,134.25,2023-12,107.9864526096772,122.85,2023-12
2023-11-06,122.5156678708252,135.0,2023-12,108.77756215260526,123.75,2023-12
2023-11-07,121.87132621017122,134.29,2023-12,107.50299677788786,122.3,2023-12
2023-11-08,123.4957932137918,136.08,2023-12,109.34891904471995,124.4,2023-12
2023-11-09,124.61204707661487,137.31,2023-12,110.00817699715998,125.15,2023-12
2023-11-10,126.41801877337741,139.3,2023-12,111.28274237187736,126.6,2023-12
2023-11-13,128.01526007302667,141.06,2023-12,112.60125827675743,128.1,2023-12
2023-11-14,127.52519740154338,140.52,2023-12,112.9089119878961,128.45,2023-12
2023-11-15,129.21319104776364,142.38,2023-12,114.00767524196283,129.7,2023-12
2023-11-16,129.893833647046,143.13,2023-12,114.8866858452162,130.7,2023-12
2023-11-17,127.8791315531702,140.91,2023-12,112.82101092757077,128.35,2023-12
2023-11-20,130.3657458492151,143.65,2023-12,114.8866858452162,130.7,2023-12
2023-11-21,132.98848866511648,146.54,2023-12,117.39186606448834,133.55,2023-12
2023-11-22,134.3134729250528,148.0,2023-12,118.31482719790438,134.6,2023-12
2023-11-23,132.59825357486127,146.11,2023-12,116.95236076286166,133.05,2023-12
2023-11-24,133.10646671565874,146.67,2023-12,117.65556924546433,133.85,2023-12
2023-11-27,131.8722348022934,145.31,2023-12,116.6007565215603,132.65,2023-12
2023-11-28,128.24214093945415,141.31,2023-12,113.2165656990348,128.8,2023-12
2023-11-29,129.3493195676201,142.53,2023-12,114.0516257721255,129.75,2023-12
2023-11-30,130.21146686004442,143.48,2023-12,115.01853743570422,130.85,2023-12
2023-12-01,131.44030628864323,144.4,2024-01,116.25958523847868,131.15,2024-01
2023-12-04,129.3467280028823,142.1,2024-01,114.17639785525013,128.8,2024-01
2023-12-05,129.4650606885992,142.23,2024-01,114.17639785525013,128.8,2024-01
2023-12-06,131.81350937436585,144.81,2024-01,116.8801091398659,131.85,2024-01
2023-12-07,133.63401223154926,146.81,2024-01,118.5643883007741,133.75,2024-01
2023-12-08,134.762724003003,148.05,2024-01,119.84975923936192,135.2,2024-01
2023-12-11,133.85247257441128,147.05,2024-01,119.58382042448169,134.9,2024-01
2023-12-12,134.79003154586076,148.08,2024-01,120.16002119005555,135.55,2024-01
2023-12-13,132.20491748866027,145.24,2024-01,118.25412635008048,133.4,2024-01
2023-12-14,132.45068537438001,145.51,2024-01,119.18491220216131,134.45,2024-01
2023-12-15,132.2777376029476,145.32,2024-01,118.8746502514677,134.1,2024-01
2023-12-18,131.1035132600643,144.03,2024-01,117.41198676962637,132.45,2024-01
2023-12-19,131.08530823149246,144.01,2024-01,117.36766363381301,132.4,2024-01
2023-12-20,132.36876274580678,145.42,2024-01,118.78600397984096,134.0,2024-01
2023-12-21,135.41810503158902,148.77,2024-01,121.75565407933698,137.35,2024-01
2023-12-22,136.46489417446946,149.92,2024-01,122.55347052397771,138.25,2024-01
2023-12-26,137.77565623164156,151.36,2024-01,124.32639595651264,140.25,2024-01
2023-12-27,138.65860011737553,152.33,2024-01,125.12421240115337,141.15,2024-01
2023-12-28,136.11899863160463,149.54,2024-01,122.95237874629807,138.7,2024-01
2023-12-29,137.55719588877955,151.12,2024-01,124.0604571416324,139.95,2024-01
2024-01-02,140.4300232588545,153.49,2024-02,126.8342574816184,141.75,2024-02
2024-01-03,141.07046248148268,154.19,2024-02,127.55007692419544,142.55,2024-02
2024-01-04,139.80788229972998,152.81,2024-02,126.11843803904135,140.95,2024-02
2024-01-05,137.43825717600575,150.22,2024-02,124.0604571416324,138.65,2024-02
2024-01-08,136.90760753439955,149.64,2024-02,123.34463769905534,137.85,2024-02
2024-01-09,136.63313358184462,149.34,2024-02,122.94198926260577,137.4,2024-02
2024-01-10,132.39708558074685,144.71,2024-02,118.37864031617718,132.3,2024-02
2024-01-11,134.43734196140517,146.94,2024-02,120.21292763778082,134.35,2024-02
2024-01-12,130.27448701432203,142.39,2024-02,115.96274969747967,129.6,2024-02
2024-01-15,128.35316934643754,140.29,2024-02,114.08372366071497,127.5,2024-02
2024-01-16,130.2653378825702,142.38,2024-02,115.73905612167435,129.35,2024-02
2024-01-17,126.90760652964823,138.71,2024-02,112.56260734523876,125.8,2024-02
2024-01-18,130.27448701432203,142.39,2024-02,115.4258851155469,129.0,2024-02
2024-01-19,130.68619794315444,142.84,2024-02,116.00748841264075,129.65,2024-02
2024-01-22,129.4693634201609,141.51,2024-02,115.2916689700637,128.85,2024-02
2024-01-23,132.47942776651334,144.8,2024-02,118.33390160101611,132.25,2024-02
2024-01-24,135.48034298111392,148.08,2024-02,120.92874708035787,135.15,2024-02
2024-01-25,135.52608863987305,148.13,2024-02,121.19717937132424,135.45,2024-02
2024-01-26,135.2424655555663,147.82,2024-02,121.33139551680743,135.6,2024-02
2024-01-29,136.76122142637024,149.48,2024-02,122.44986339583406,136.85,2024-02
2024-01-30,134.42819282965334,146.93,2024-02,120.03397277713657,134.15,2024-02
2024-01-31,134.51053501541983,147.02,2024-02,117.03647886134524,130.8,2024-02
2024-02-01,133.2150442068697,144.99,2024-03,118.4813736621026,131.2,2024-03
2024-02-02,128.79567485287944,140.18,2024-03,113.42424185945188,125.6,2024-03
2024-02-05,128.29034155876414,139.63,2024-03,113.51454778449921,125.7,2024-03
2024-02-06,127.35317799513213,138.61,2024-03,112.88240630916788,125.0,2024-03
2024-02-07,127.29805072668319,138.55,2024-03,112.88240630916788,125.0,2024-03
2024-02-08,130.4770565405722,142.01,2024-03,115.41097221049323,127.8,2024-03
2024-02-09,128.74973546250533,140.13,2024-03,114.68852481011456,127.0,2024-03
2024-02-12,130.0819777833548,141.58,2024-03,115.68188998563524,128.1,2024-03
2024-02-13,130.49543229672184,142.03,2024-03,115.63673702311158,128.05,2024-03
2024-02-14,131.02832922506164,142.61,2024-03,116.31403146096659,128.8,2024-03
2024-02-15,131.34990495768045,142.96,2024-03,116.90101997377424,129.45,2024-03
2024-02-16,133.0220987672984,144.78,2024-03,118.39106773705527,131.1,2024-03
2024-02-19,129.20912936624651,140.63,2024-03,114.9142896227329,127.25,2024-03
2024-02-20,122.89705712884259,133.76,2024-03,109.1347104197035,120.85,2024-03
2024-02-21,121.25242695344915,131.97,2024-03,107.46405080632782,119.0,2024-03
2024-02-22,121.72100873526514,132.48,2024-03,108.41226301932483,120.05,2024-03
2024-02-23,122.05177234595881,132.84,2024-03,108.3219570942775,119.95,2024-03
2024-02-26,117.75184540694129,128.16,2024-03,104.03242565452912,115.2,2024-03
2024-02-27,119.48835436308299,130.05,2024-03,106.01915600557048,117.4,2024-03
2024-02-28,118.40418475025378,128.87,2024-03,104.93548490500245,116.2,2024-03
2024-02-29,118.76251199517189,129.26,2024-03,105.38701453023913,116.7,2024-03
2024-03-01,116.90828914982238,126.73,2024-04,103.82776366251584,113.2,2024-04
2024-03-04,119.38981126623538,129.42,2024-04,106.02905900518401,115.6,2024-04
2024-03-05,118.19056265979044,128.12,2024-04,105.15771293204453,114.65,2024-04
2024-03-06,118.78096197373257,128.76,2024-04,105.61631612843374,115.15,2024-04
2024-03-07,119.90641066593476,129.98,2024-04,107.26728763543487,116.95,2024-04
2024-03-08,118.55033724172392,128.51,2024-04,105.34115421060021,114.85,2024-04
2024-03-11,111.18879579600798,120.53,2024-04,98.46210626476214,107.35,2024-04
2024-03-12,113.05224363063783,122.55,2024-04,100.11307777176329,109.15,2024-04
2024-03-13,109.48217277914401,118.68,2024-04,96.62769347920532,105.35,2024-04
2024-03-14,107.29585031970205,116.31,2024-04,94.05951557942578,102.55,2024-04
2024-03-15,103.92872923237583,112.66,2024-04,91.35375672072948,99.6,2024-04
2024-03-18,107.29585031970205,116.31,2024-04,95.38946484895447,104.0,2024-04
2024-03-19,109.74047247899368,118.96,2024-04,98.32452530584538,107.2,2024-04
2024-03-20,108.82719854023945,117.97,2024-04,96.53597283992748,105.25,2024-04
2024-03-21,112.8031689200685,122.28,2024-04,100.11307777176329,109.15,2024-04
2024-03-22,111.12422087104555,120.46,2024-04,99.10415073970702,108.05,2024-04
2024-03-25,111.55779536722181,120.93,2024-04,99.42517297717949,108.4,2024-04
2024-03-26,107.55415001955174,116.59,2024-04,95.4353251685934,104.05,2024-04
2024-03-27,104.71285332120523,113.51,2024-04,92.77542662953601,101.15,2024-04
2024-03-28,105.36782756010977,114.22,2024-04,93.32575046520306,101.75,2024-04
2024-04-01,104.92245456584372,113.08,2024-05,94.17483739228169,101.65,2024-05
2024-04-02,105.2935987277321,113.48,2024-05,93.89689886579191,101.35,2024-05
2024-04-03,103.48427093852627,111.53,2024-05,91.30280595188745,98.55,2024-05
2024-04-04,101.76772918979253,109.68,2024-05,90.79325198665622,98.0,2024-05
2024-04-05,102.35228124476673,110.31,2024-05,89.72782096844546,96.85,2024-05
2024-04-08,108.21635900260304,116.63,2024-05,96.44466869194808,104.1,2024-05
2024-04-09,110.86076115605773,119.48,2024-05,99.91890027307014,107.85,2024-05
2024-04-10,110.11847283228099,118.68,2024-05,98.76082307936278,106.6,2024-05
2024-04-11,111.53809925150401,120.21,2024-05,100.38213115055306,108.35,2024-05
2024-04-12,114.50725254661101,123.41,2024-05,102.97622406445754,111.15,2024-05
2024-04-15,115.82481432131475,124.83,2024-05,104.08797817041659,112.35,2024-05
2024-04-16,113.23608379214333,122.04,2024-05,101.8181468707502,109.9,2024-05
2024-04-17,118.80324622046895,128.04,2024-05,107.33059431279717,115.85,2024-05
2024-04-18,120.1300865992199,129.47,2024-05,107.97911754127328,116.55,2024-05
2024-04-19,119.77749964542595,129.09,2024-05,107.7938251902801,116.35,2024-05
2024-04-22,119.40635548353757,128.69,2024-05,107.65485592703523,116.2,2024-05
2024-04-23,116.21451569129754,125.25,2024-05,104.08797817041659,112.35,2024-05
2024-04-24,120.96516096346875,130.37,2024-05,109.13719473498064,117.8,2024-05
2024-04-25,120.9187679432327,130.32,2024-05,109.60042561246358,118.3,2024-05
2024-04-26,121.3270265213099,130.76,2024-05,109.18351782272893,117.85,2024-05
2024-04-29,120.55690238539154,129.93,2024-05,108.81293312074258,117.45,2024-05
2024-04-30,120.31565868016408,129.67,2024-05,107.93279445352499,116.5,2024-05
2024-05-01,119.78501858849202,128.67,2024-06,107.41905116534292,115.0,2024-06
2024-05-02,122.39167167038974,131.47,2024-06,109.5207282533605,117.25,2024-06
2024-05-03,122.10307793632249,131.16,2024-06,109.33391251220338,117.05,2024-06
2024-05-06,124.54216046295535,133.78,2024-06,111.8092210825352,119.7,2024-06
2024-05-07,123.57397503253621,132.74,2024-06,110.87514237674961,118.7,2024-06
2024-05-08,120.54839556247637,129.49,2024-06,107.51245903592147,115.1,2024-06
2024-05-09,121.77724630108528,130.81,2024-06,108.53994561228563,116.2,2024-06
2024-05-10,121.93550738105763,130.98,2024-06,108.16631412997138,115.8,2024-06
2024-05-13,122.57786117623957,131.67,2024-06,109.19380070633555,116.9,2024-06
2024-05-14,120.18532602606918,129.1,2024-06,107.55916297121077,115.15,2024-06
2024-05-15,118.98440371333774,127.81,2024-06,106.20474884782165,113.7,2024-06
2024-05-16,121.49796204231052,130.51,2024-06,108.86687315931059,116.55,2024-06
2024-05-17,122.07514951044502,131.13,2024-06,109.66084005922835,117.4,2024-06
2024-05-20,122.99678756440171,132.12,2024-06,110.50151089443537,118.3,2024-06
2024-05-21,125.14727635696732,134.43,2024-06,112.97681946476719,120.95,2024-06
2024-05-22,126.39474604616123,135.77,2024-06,113.58397062352782,121.6,2024-06
2024-05-23,123.88118771718842,133.07,2024-06,111.66910927666736,119.55,2024-06
2024-05-24,124.50492256178539,133.74,2024-06,112.83670765889934,120.8,2024-06
2024-05-27,123.38778552668636,132.54,2024-06,111.38888566493168,119.25,2024-06
2024-05-28,122.11238741161498,131.17,2024-06,110.12787941212113,117.9,2024-06
2024-05-29,123.26676234788397,132.41,2024-06,110.64162270030322,118.45,2024-06
2024-05-30,121.56312836935798,130.58,2024-06,108.16631412997138,115.8,2024-06
2024-05-31,121.38624833880061,130.39,2024-06,107.6992747770786,115.3,2024-06
2024-06-03,115.92974339964293,124.29,2024-07,103.49044510711026,110.65,2024-07
2024-06-04,113.62588575866522,121.82,2024-07,100.6845586604647,107.65,2024-07
2024-06-05,113.09422630305498,121.25,2024-07,100.17014614524635,107.1,2024-07
2024-06-06,114.7918056174596,123.07,2024-07,101.76014846501216,108.8,2024-07
2024-06-07,114.53063956908967,122.79,2024-07,101.01191207924002,108.0,2024-07
2024-06-10,112.07754418618629,120.16,2024-07,98.58014382548053,105.4,2024-07
2024-06-11,110.6224762024109,118.6,2024-07,97.45778924682232,104.2,2024-07
2024-06-12,111.44328378300214,119.48,2024-07,97.78514266559762,104.55,2024-07
2024-06-13,113.1128810207957,121.27,2024-07,99.93632227469254,106.85,2024-07
2024-06-14,113.90570652477588,122.12,2024-07,100.54426433813242,107.5,2024-07
2024-06-17,111.94696116200132,120.02,2024-07,98.3930847290375,105.2,2024-07
2024-06-18,113.06624422644391,121.22,2024-07,99.51543930769573,106.4,2024-07
2024-06-19,113.99898011347942,122.22,2024-07,100.35720524168939,107.3,2024-07
2024-06-20,113.8590697304241,122.07,2024-07,99.79602795236028,106.7,2024-07
2024-06-21,112.39467438777835,120.5,2024-07,98.20602563259446,105.0,2024-07
2024-06-24,110.03485259357852,117.97,2024-07,95.96131647527801,102.6,2024-07
2024-06-25,110.9116243273919,118.91,2024-07,96.38219944227484,103.05,2024-07
2024-06-26,113.98965275460907,122.21,2024-07,99.70249840413875,106.6,2024-07
2024-06-27,113.19682725062889,121.36,2024-07,98.81396769603434,105.65,2024-07
2024-06-28,114.11090841992369,122.34,2024-07,99.84279272647103,106.75,2024-07
2024-07-01,117.34178764888337,125.3,2024-08,102.83994973139323,109.8,2024-08
2024-07-02,117.49162552616845,125.46,2024-08,103.02727204420087,110.0,2024-08
2024-07-03,120.35727492924575,128.52,2024-08,106.25858194013263,113.45,2024-08
2024-07-04,120.94726157105576,129.15,2024-08,106.72688772215173,113.95,2024-08
2024-07-05,117.8849499540418,125.88,2024-08,103.26142493521043,110.25,2024-08
2024-07-08,116.19927383458459,124.08,2024-08,101.85650758915314,108.75,2024-08
2024-07-09,117.11703083295573,125.06,2024-08,102.51213568397988,109.45,2024-08
2024-07-10,112.9683946056249,120.63,2024-08,98.62519769322138,105.3,2024-08
2024-07-11,115.3751655095166,123.2,2024-08,100.45159024309585,107.25,2024-08
2024-07-12,115.44071958082883,123.27,2024-08,100.96672660331686,107.8,2024-08
2024-07-15,116.18990896725425,124.07,2024-08,101.80967701095123,108.7,2024-08
2024-07-16,114.86946267367944,122.66,2024-08,100.35792908669204,107.15,2024-08
2024-07-17,112.73427292236696,120.38,2024-08,98.39104480221184,105.05,2024-08
2024-07-18,113.30552982951635,120.99,2024-08,98.39104480221184,105.05,2024-08
2024-07-19,112.43459716779678,120.06,2024-08,97.78224728558702,104.4,2024-08
2024-07-22,111.32954282281926,118.88,2024-08,96.93929687795264,103.5,2024-08
2024-07-23,108.66992050100899,116.04,2024-08,94.55093738965526,100.95,2024-08
2024-07-24,108.84785298028503,116.23,2024-08,94.50410681145335,100.9,2024-08
2024-07-25,107.85517704327133,115.17,2024-08,93.56749524741517,99.9,2024-08
2024-07-26,109.91544785594127,117.37,2024-08,95.90902415751064,102.4,2024-08
2024-07-29,109.62513696870141,117.06,2024-08,95.67487126650109,102.15,2024-08
2024-07-30,107.04043358553366,114.3,2024-08,92.91186715258843,99.2,2024-08
2024-07-31,108.73547457232121,116.11,2024-08,95.206565484482,101.65,2024-08
2024-08-01,110.36387113577443,117.25,2024-09,95.86283920027853,102.25,2024-09
2024-08-02,111.38985509771895,118.34,2024-09,96.89412646795878,103.35,2024-09
2024-08-05,111.38044240082037,118.33,2024-09,97.08163324390064,103.55,2024-09
2024-08-06,110.10031562261437,116.97,2024-09,96.42535952810411,102.85,2024-09
2024-08-07,108.76371266301693,115.55,2024-09,94.73779854462734,101.05,2024-09
2024-08-08,107.38004621892664,114.08,2024-09,93.70651127694708,99.95,2024-09
2024-08-09,108.91431581339411,115.71,2024-09,94.59716846267094,100.9,2024-09
2024-08-12,107.13531609956371,113.82,2024-09,92.81585409122322,99.0,2024-09
2024-08-13,106.15639562211207,112.78,2024-09,92.30021045738309,98.45,2024-09
2024-08-14,103.15374531146713,109.59,2024-09,90.19075922803711,96.2,2024-09
2024-08-15,100.72526951163516,107.01,2024-09,87.70629444680739,93.55,2024-09
2024-08-16,99.29453958305199,105.49,2024-09,86.53437709717073,92.3,2024-09
2024-08-19,101.29944402244814,107.62,2024-09,89.06571857238592,95.0,2024-09
2024-08-20,101.83596774566684,108.19,2024-09,89.53448551224058,95.5,2024-09
2024-08-21,104.67860220903603,111.21,2024-09,92.15958037542669,98.3,2024-09
2024-08-22,103.46436430912006,109.92,2024-09,91.26892318970283,97.35,2024-09
2024-08-23,102.59839619445128,109.0,2024-09,89.72199228818245,95.7,2024-09
2024-08-26,106.59879237634503,113.25,2024-09,93.98777144085987,100.25,2024-09
2024-08-27,107.70007791347814,114.42,2024-09,95.3471955664384,101.7,2024-09
2024-08-28,107.16355419025943,113.85,2024-09,94.5034150747,100.8,2024-09
2024-08-29,108.10482388011678,114.85,2024-09,95.53470234238027,101.9,2024-09
2024-08-30,107.25768115924518,113.95,2024-09,94.5034150747,100.8,2024-09
2024-09-02,103.2166347212032,109.32,2024-10,90.80382647663197,96.95,2024-10
2024-09-03,100.05366613067969,105.97,2024-10,87.52570999733118,93.45,2024-10
2024-09-04,98.88289566732173,104.73,2024-10,86.91691693688959,92.8,2024-10
2024-09-05,97.17394845871053,102.92,2024-10,85.65250058058785,91.45,2024-10
2024-09-06,97.68380011210833,103.46,2024-10,86.3549541118666,92.2,2024-10
2024-09-09,97.70268350667864,103.48,2024-10,86.49544481812234,92.35,2024-10
2024-09-10,96.5791215297464,102.29,2024-10,85.23102846182061,91.0,2024-10
2024-09-11,98.6657366297634,104.5,2024-10,86.96374717230817,92.85,2024-10
2024-09-12,100.66737645421411,106.62,2024-10,89.02427753072581,95.05,2024-10
2024-09-13,98.9395458510326,104.79,2024-10,87.01057740772677,92.9,2024-10
2024-09-16,97.46664107455001,103.23,2024-10,85.93348199309935,91.75,2024-10
2024-09-17,98.38248571120906,104.2,2024-10,86.6359355243781,92.5,2024-10
2024-09-18,97.06064809128878,102.8,2024-10,85.04370752014628,90.8,2024-10
2024-09-19,98.92066245646231,104.77,2024-10,86.82325646605243,92.7,2024-10
2024-09-20,98.04258460894386,103.84,2024-10,85.74616105142502,91.55,2024-10
2024-09-23,96.07871157363373,101.76,2024-10,84.06027257635604,89.75,2024-10
2024-09-24,101.22443659403764,107.21,2024-10,89.11793800156299,95.15,2024-10
2024-09-25,102.90505871079343,108.99,2024-10,90.28869388702756,96.4,2024-10
2024-09-26,105.07664908637675,111.29,2024-10,93.941452249677,100.3,2024-10
2024-09-27,108.66449405473178,115.09,2024-10,96.32979425602473,102.85,2024-10
2024-09-30,116.36891903940995,123.25,2024-10,102.46455509585907,109.4,2024-10
2024-10-01,114.72952207456035,121.77,2024-11,101.52365009038745,107.9,2024-11
2024-10-02,114.75778753947155,121.8,2024-11,102.51160034613264,108.95,2024-11
2024-10-03,115.35136230260676,122.43,2024-11,102.32341934503832,108.75,2024-11
2024-10-04,115.17234769150248,122.24,2024-11,102.27637409476473,108.7,2024-11
2024-10-07,117.45242852767261,124.66,2024-11,105.14613436145316,111.75,2024-11
2024-10-08,112.95821960679183,119.89,2024-11,98.9361613253405,105.15,2024-11
2024-10-09,112.25158298401183,119.14,2024-11,98.9361613253405,105.15,2024-11
2024-10-10,111.75222643724729,118.61,2024-11,98.51275407287827,104.7,2024-11
2024-10-11,113.42931068864516,120.39,2024-11,99.68888532971779,105.95,2024-11
2024-10-14,114.73894389619741,121.78,2024-11,101.14728808819879,107.5,2024-11
2024-10-15,113.21260879099262,120.16,2024-11,100.11229258218002,106.4,2024-11
2024-10-16,111.97835015653689,118.85,2024-11,98.55039027309712,104.74,2024-11
2024-10-17,107.13553383508464,113.71,2024-11,94.41981729907673,100.35,2024-11
2024-10-18,109.0952727355945,115.79,2024-11,95.36072230454835,101.35,2024-11
2024-10-21,109.15180366541689,115.85,2024-11,96.01935580837848,102.05,2024-11
2024-10-22,108.04945053388012,114.68,2024-11,94.7491340509918,100.7,2024-11
2024-10-23,106.31583535265985,112.84,2024-11,92.96141454059573,98.8,2024-11
2024-10-24,106.89056647252092,113.45,2024-11,93.5259575438787,99.4,2024-11
2024-10-25,108.69013440520064,115.36,2024-11,95.54890330564267,101.55,2024-11
2024-10-28,110.8759970250001,117.68,2024-11,97.80707531877457,103.95,2024-11
2024-10-29,111.61089911269129,118.46,2024-11,97.99525631986889,104.15,2024-11
2024-10-30,111.78049190215849,118.64,2024-11,97.66593956795381,103.8,2024-11
2024-10-31,111.97835015653689,118.85,2024-11,97.94821106959529,104.1,2024-11
2024-11-01,110.49375287781908,116.85,2024-12,96.95740546629014,102.75,2024-12
2024-11-04,112.18638289622983,118.64,2024-12,98.37284204244037,104.25,2024-12
2024-11-05,113.6142439732132,120.15,2024-12,99.97700349541061,105.95,2024-12
2024-11-06,112.2903992660763,118.75,2024-12,97.3820364391352,103.2,2024-12
2024-11-07,113.64261207408043,120.18,2024-12,99.55237252256555,105.5,2024-12
2024-11-08,110.95709852531701,117.34,2024-12,96.57995571265008,102.35,2024-12
2024-11-11,109.15099610343738,115.43,2024-12,95.16451913649986,100.85,2024-12
2024-11-12,109.00915559910128,115.28,2024-12,94.97579425967984,100.65,2024-12
2024-11-13,108.7443866576739,115.0,2024-12,94.88143182126981,100.55,2024-12
2024-11-14,106.60732305901004,112.74,2024-12,92.89982061465952,98.45,2024-12
2024-11-15,105.17946198202668,111.23,2024-12,91.81465257294434,97.3,2024-12
2024-11-18,107.67585485834198,113.87,2024-12,93.56035768352962,99.15,2024-12
2024-11-19,109.47250124659918,115.77,2024-12,95.44760645172991,101.15,2024-12
2024-11-20,108.85785906114278,115.12,2024-12,95.4004252325249,101.1,2024-12
2024-11-21,109.71835812078176,116.03,2024-12,96.39123083583006,102.15,2024-12
2024-11-22,108.38505738002246,114.62,2024-12,94.55116328683476,100.2,2024-12
2024-11-25,110.36136840710539,116.71,2024-12,96.76868058947011,102.55,2024-12
2024-11-26,110.42756064246224,116.78,2024-12,96.95740546629014,102.75,2024-12
2024-11-27,111.66630104699749,118.09,2024-12,98.13693594641532,104.0,2024-12
2024-11-28,111.3826200383253,117.79,2024-12,98.27847960403035,104.15,2024-12
2024-11-29,112.2714871988315,118.73,2024-12,99.17492276892548,105.1,2024-12
2024-12-02,112.9101516276243,118.45,2025-01,99.36491304242915,104.6,2025-01
2024-12-03,113.52021914169505,119.09,2025-01,99.83988872618838,105.1,2025-01
2024-12-04,113.77759137419365,119.36,2025-01,99.83988872618838,105.1,2025-01
2024-12-05,112.28101950373886,117.79,2025-01,98.79494222191809,104.0,2025-01
2024-12-06,111.85206578290786,117.34,2025-01,97.41751273901635,102.55,2025-01
2024-12-09,113.75852676437894,119.34,2025-01,100.3148644099476,105.6,2025-01
2024-12-10,113.86338211835985,119.45,2025-01,100.17237170481984,105.45,2025-01
2024-12-11,113.11033003067877,118.66,2025-01,99.41241061080508,104.65,2025-01
2024-12-12,114.54017576678207,120.16,2025-01,100.40985954669945,105.7,2025-01
2024-12-13,112.47166560188596,117.99,2025-01,99.55490331593285,104.8,2025-01
2024-12-16,113.67273602021274,119.25,2025-01,99.50740574755693,104.75,2025-01
2024-12-17,113.09126542086406,118.64,2025-01,99.26991790567732,104.5,2025-01
2024-12-18,111.3087244031886,116.77,2025-01,97.2750200338886,102.4,2025-01
2024-12-19,110.48894618115604,115.91,2025-01,96.75254678175344,101.85,2025-01
2024-12-20,109.54524799532787,114.92,2025-01,95.23262459372393,100.25,2025-01
2024-12-23,110.23157394865744,115.64,2025-01,96.13507839286646,101.2,2025-01
2024-12-24,110.05999246032505,115.46,2025-01,96.18257596124238,101.25,2025-01
2024-12-26,109.76449100819704,115.15,2025-01,95.94508811936277,101.0,2025-01
2024-12-27,107.92475616107745,113.22,2025-01,93.90269267919811,98.85,2025-01
2024-12-30,109.50711877569843,114.88,2025-01,95.802595414235,100.85,2025-01
2024-12-31,109.85028175236323,115.24,2025-01,96.32506866637014,101.4,2025-01
2025-01-02,110.2240199525152,115.02,2025-02,96.373015440221,100.5,2025-02
2025-01-03,107.6653507360901,112.35,2025-02,94.26335739078333,98.3,2025-02
2025-01-06,106.08415065852404,110.7,2025-02,93.01674127066106,97.0,2025-02
2025-01-07,106.12248278161654,110.74,2025-02,92.77700740140678,96.75,2025-02
2025-01-08,105.98832035079275,110.6,2025-02,92.77700740140678,96.75,2025-02
2025-01-09,106.4866379509954,111.12,2025-02,93.40031546146791,97.4,2025-02
2025-01-10,106.5920512894998,111.23,2025-02,93.35236868761704,97.35,2025-02
2025-01-13,108.1157531824271,112.82,2025-02,94.83871867699361,98.9,2025-02
2025-01-14,109.62028901380816,114.39,2025-02,96.4689089879227,100.6,2025-02
2025-01-15,109.8406987215901,114.62,2025-02,96.61274930947528,100.75,2025-02
2025-01-16,111.86271821472006,116.73,2025-02,98.57856703736037,102.8,2025-02
2025-01-17,112.92643463053723,117.84,2025-02,99.72928960978093,104.0,2025-02
2025-01-20,112.75394007662094,117.66,2025-02,99.77723638363179,104.05,2025-02
2025-01-21,113.54933163079053,118.49,2025-02,100.2087573482895,104.5,2025-02
2025-01-22,112.27478853796454,117.16,2025-02,99.63339606207923,103.9,2025-02
2025-01-23,112.3610358149227,117.25,2025-02,99.58544928822836,103.85,2025-02
2025-01-24,113.74099224625309,118.69,2025-02,100.44849121754378,104.75,2025-02
2025-01-27,113.10851221522667,118.03,2025-02,99.68134283593008,103.95,2025-02
2025-01-28,112.97434978440288,117.89,2025-02,99.82518315748264,104.1,2025-02
2025-01-29,113.93265286171565,118.89,2025-02,100.68822508679806,105.0,2025-02
2025-01-30,114.48846864655705,119.47,2025-02,101.5033202422626,105.85,2025-02
2025-01-31,114.96762018521343,119.97,2025-02,101.35947992071004,105.7,2025-02
2025-02-03,113.59070480108566,117.97,2025-03,100.73261348923087,104.45,2025-03
2025-02-04,114.34174955606444,118.75,2025-03,101.40770041543922,105.15,2025-03
2025-02-05,113.09963707667646,117.46,2025-03,100.25040854193921,103.95,2025-03
2025-02-06,115.13130942668316,119.57,2025-03,102.46855129948091,106.25,2025-03
2025-02-07,115.51646058308253,119.97,2025-03,102.3238898152934,106.1,2025-03
2025-02-10,116.25787655915133,120.74,2025-03,103.38474069933508,107.2,2025-03
2025-02-11,114.94836262739346,119.38,2025-03,102.1792283311059,105.95,2025-03
2025-02-12,116.74894428356055,121.25,2025-03,103.96338663608509,107.8,2025-03
2025-02-13,115.38165767834276,119.83,2025-03,102.85431525731425,106.65,2025-03
2025-02-14,114.93873384848348,119.37,2025-03,102.37211031002258,106.15,2025-03
2025-02-17,114.52469635535415,118.94,2025-03,102.0345668469184,105.8,2025-03
2025-02-18,115.51646058308253,119.97,2025-03,103.04719723623091,106.85,2025-03
2025-02-19,115.49720302526258,119.95,2025-03,103.04719723623091,106.85,2025-03
2025-02-20,117.34592857597957,121.87,2025-03,104.6866940570226,108.55,2025-03
2025-02-21,117.05706520868003,121.57,2025-03,104.34915059391844,108.2,2025-03
2025-02-24,116.93189108285024,121.44,2025-03,104.44559158337677,108.3,2025-03
2025-02-25,114.65949926009394,119.08,2025-03,102.22744882583507,106.0,2025-03
2025-02-26,114.77504460701375,119.2,2025-03,102.1792283311059,105.95,2025-03
2025-02-27,113.99511351530501,118.39,2025-03,101.55236189962672,105.3,2025-03
2025-02-28,112.22341819586788,116.55,2025-03,99.33421914208502,103.0,2025-03
2025-03-03,109.6847775839427,113.2,2025-04,97.53256908901778,100.15,2025-04
2025-03-04,110.46962449068293,114.01,2025-04,97.82472855708274,100.45,2025-04
2025-03-05,109.42316194836263,112.93,2025-04,97.09432988692035,99.7,2025-04
2025-03-06,110.12080364324284,113.65,2025-04,97.82472855708274,100.45,2025-04
2025-03-07,110.20800885510285,113.74,2025-04,98.06819478047021,100.7,2025-04
2025-03-10,109.59757237208268,113.11,2025-04,97.3864893549853,100.0,2025-04
2025-03-11,110.43086661874514,113.97,2025-04,97.82472855708274,100.45,2025-04
2025-03-12,110.28552459897843,113.82,2025-04,97.97080829111522,100.6,2025-04
2025-03-13,111.76801320059886,115.35,2025-04,99.52899212079498,102.2,2025-04
2025-03-14,113.24081233423485,116.87,2025-04,100.69762999305482,103.4,2025-04
2025-03-17,111.45795022509655,115.03,2025-04,99.28552589740752,101.95,2025-04
2025-03-18,111.59360277687881,115.17,2025-04,99.13944616337504,101.8,2025-04
2025-03-19,109.76229332781828,113.28,2025-04,97.77603531240526,100.4,2025-04
2025-03-20,110.00453002742947,113.53,2025-04,97.82472855708274,100.45,2025-04
2025-03-21,109.41347248037819,112.92,2025-04,97.3864893549853,100.0,2025-04
2025-03-24,111.70018692470774,115.28,2025-04,99.67507185482745,102.35,2025-04
2025-03-25,110.98316629385864,114.54,2025-04,98.89597993998757,101.55,2025-04
2025-03-26,111.73894479664551,115.32,2025-04,99.72376509950496,102.4,2025-04
2025-03-27,112.8435441468725,116.46,2025-04,100.94109621644228,103.65,2025-04
2025-03-28,112.76602840299692,116.38,2025-04,100.55155025902233,103.25,2025-04
2025-03-31,111.39981341718986,114.97,2025-04,99.52899212079498,102.2,2025-04
2025-04-01,113.22428049627678,116.05,2025-05,101.15415626725033,102.7,2025-05
2025-04-02,113.1754979540552,116.0,2025-05,101.26250054368069,102.81,2025-05
2025-04-03,112.29741219406684,115.1,2025-05,99.72598171430472,101.25,2025-05
2025-04-04,111.12663118074904,113.9,2025-05,97.95307537271708,99.45,2025-05
2025-04-07,108.10211356301134,110.8,2025-05,96.6726430149038,98.15,2025-05
2025-04-08,105.38980421549175,108.02,2025-05,93.47156212037055,94.9,2025-05
2025-04-09,105.27272611415998,107.9,2025-05,92.33887195768956,93.75,2025-05
2025-04-10,107.57526210701835,110.26,2025-05,95.78618984410997,97.25,2025-05
2025-04-11,107.38013193813204,110.06,2025-05,95.73694244573254,97.2,2025-05
2025-04-14,108.29724373189765,111.0,2025-05,96.42640602301663,97.9,2025-05
2025-04-15,108.77531264566909,111.49,2025-05,97.26361179543301,98.75,2025-05
2025-04-16,108.31675674878628,111.02,2025-05,96.57414821814892,98.05,2025-05
2025-04-17,107.88747037723641,110.58,2025-05,96.32791122626175,97.8,2025-05
2025-04-18,107.57526210701835,110.26,2025-05,95.98317943761971,97.45,2025-05
2025-04-21,109.30216410166211,112.03,2025-05,98.10081756784938,99.6,2025-05
2025-04-22,108.51188691767258,111.22,2025-05,97.16511699867814,98.65,2025-05
2025-04-23,110.072928268763,112.82,2025-05,98.79028114513346,100.3,2025-05
2025-04-24,109.32167711855074,112.05,2025-05,98.15006496622682,99.65,2025-05
2025-04-25,108.21919166434313,110.92,2025-05,97.1158696003007,98.6,2025-05
2025-04-28,108.36553929100785,111.07,2025-05,97.06662220192327,98.55,2025-05
2025-04-29,108.42407834167375,111.13,2025-05,97.06662220192327,98.55,2025-05
2025-04-30,107.32159288746614,110.0,2025-05,95.49070545384537,96.95,2025-05
2025-05-01,106.12759576174129,107.55,2025-06,94.84314198441398,95.2,2025-06
2025-05-02,106.77886692122756,108.21,2025-06,95.6401431775603,96.0,2025-06
2025-05-05,107.52881552912086,108.97,2025-06,96.18808149784842,96.55,2025-06
2025-05-06,107.77550915013839,109.22,2025-06,97.33377071299628,97.7,2025-06
2025-05-07,108.24916090249205,109.7,2025-06,97.88170903328438,98.25,2025-06
2025-05-08,106.47296683116583,107.9,2025-06,96.43714437070665,96.8,2025-06
2025-05-09,106.85780887995318,108.29,2025-06,96.63639466899323,97.0,2025-06
2025-05-12,109.84773556668563,111.32,2025-06,99.62514914329199,100.0,2025-06
2025-05-13,109.31487734528777,110.78,2025-06,99.22664854671882,99.6,2025-06
2025-05-14,111.53511993444555,113.03,2025-06,101.31877667872796,101.7,2025-06
2025-05-15,110.84437779559646,112.33,2025-06,101.11952638044137,101.5,2025-06
2025-05-16,109.71945488375653,111.19,2025-06,99.32627369586211,99.7,2025-06
2025-05-19,109.10765470363305,110.57,2025-06,99.07721082300388,99.45,2025-06
2025-05-20,108.89056431713762,110.35,2025-06,99.12702339757553,99.5,2025-06
2025-05-21,109.19646440719936,110.66,2025-06,99.5255239941487,99.9,2025-06
2025-05-22,108.31823511637695,109.77,2025-06,98.92777309928894,99.3,2025-06
2025-05-23,107.46960906007665,108.91,2025-06,97.6824587349978,98.05,2025-06
2025-05-26,106.44336359664374,107.87,2025-06,96.58658209442159,96.95,2025-06
2025-05-27,105.4368536228922,106.85,2025-06,95.68995575213195,96.05,2025-06
2025-05-28,105.4467213677329,106.86,2025-06,95.68995575213195,96.05,2025-06
2025-05-29,105.99931507881217,107.42,2025-06,96.68620724356488,97.05,2025-06
2025-05-30,105.58486979550273,107.0,2025-06,96.03864377413349,96.4,2025-06
2025-06-02,105.11794385643718,105.81,2025-07,95.53739824295324,95.3,2025-07
2025-06-03,103.79664279482617,104.48,2025-07,94.63515628682883,94.4,2025-07
2025-06-04,104.51193359509679,105.2,2025-07,95.58752279607127,95.35,2025-07
2025-06-05,103.74696982258516,104.43,2025-07,95.23665092424511,95.0,2025-07
2025-06-06,104.48212981175219,105.17,2025-07,95.48727368983522,95.25,2025-07
2025-06-09,103.80657738927437,104.49,2025-07,94.88577905241894,94.65,2025-07
2025-06-10,103.5780817169657,104.26,2025-07,94.58503173371079,94.35,2025-07
2025-06-11,104.28343792278811,104.97,2025-07,95.38702458359919,95.15,2025-07
2025-06-12,103.76683901148155,104.45,2025-07,94.68528083994684,94.45,2025-07
2025-06-13,103.38932442244983,104.07,2025-07,94.08378620253056,93.85,2025-07
2025-06-16,103.31978226131241,104.0,2025-07,94.08378620253056,93.85,2025-07
2025-06-17,102.00841579414961,102.68,2025-07,93.13141969328811,92.9,2025-07
2025-06-18,101.6607049884625,102.33,2025-07,92.83067237457996,92.6,2025-07
2025-06-19,101.84946228297835,102.52,2025-07,93.13141969328811,92.9,2025-07
2025-06-20,102.81311794445405,103.49,2025-07,93.93341254317649,93.7,2025-07
2025-06-23,103.29991307241602,103.98,2025-07,94.23415986188463,94.0,2025-07
2025-06-24,102.47534173321516,103.15,2025-07,93.08129514017008,92.85,2025-07
2025-06-25,102.47534173321516,103.15,2025-07,92.93092148081601,92.7,2025-07
2025-06-26,103.12109037234835,103.8,2025-07,93.78303888382241,93.55,2025-07
2025-06-27,104.33311089502912,105.02,2025-07,94.98602815865499,94.75,2025-07
2025-06-30,104.09468062827226,104.78,2025-07,94.43465807435673,94.2,2025-07
2025-07-01,103.56703926701572,104.03,2025-08,93.38204245887823,93.15,2025-08
2025-07-02,105.5581387434555,106.03,2025-08,95.78802100854337,95.55,2025-08
2025-07-03,107.02159685863874,107.5,2025-08,96.79051207090384,96.55,2025-08
2025-07-04,106.74284293193718,107.22,2025-08,96.0887683272515,95.85,2025-08
2025-07-07,106.63333246073299,107.11,2025-08,95.48727368983522,95.25,2025-08
2025-07-08,107.65874869109949,108.14,2025-08,96.18901743348756,95.95,2025-08
2025-07-09,107.92754712041885,108.41,2025-08,96.0887683272515,95.85,2025-08
2025-07-10,111.23277225130892,111.73,2025-08,99.0461169612149,98.8,2025-08
2025-07-11,111.73054712041886,112.23,2025-08,99.74786070486725,99.5,2025-08
2025-07-14,112.2980104712042,112.8,2025-08,99.6476115986312,99.4,2025-08
2025-07-15,111.85001308900523,112.35,2025-08,99.19649062056898,98.95,2025-08
2025-07-16,112.89534031413613,113.4,2025-08,100.14885712981143,99.9,2025-08
2025-07-17,113.79133507853403,114.3,2025-08,101.55234461711609,101.3,2025-08
2025-07-18,113.81124607329843,114.32,2025-08,101.25159729840796,101.0,2025-08
2025-07-21,116.65851832460734,117.18,2025-08,104.00844771989927,103.75,2025-08
2025-07-22,118.80890575916231,119.34,2025-08,105.91318073838417,105.65,2025-08
2025-07-23,118.0323769633508,118.56,2025-08,104.81044056978764,104.55,2025-08
2025-07-24,118.65957329842932,119.19,2025-08,105.41193520720392,105.15,2025-08
2025-07-25,116.74811780104713,117.27,2025-08,103.35682852936495,103.1,2025-08
2025-07-28,114.58777486910995,115.1,2025-08,100.80047632034574,100.55,2025-08
2025-07-29,116.92731675392672,117.45,2025-08,102.80545844506669,102.55,2025-08
2025-07-30,116.24038743455499,116.76,2025-08,102.05359014829634,101.8,2025-08
2025-07-31,114.09,114.6,2025-08,99.79798525798526,99.55,2025-08
2025-08-01,114.46,114.46,2025-09,100.69886977886978,100.6,2025-09
2025-08-04,117.23,117.23,2025-09,101.29945945945947,101.2,2025-09
2025-08-05,117.9,117.9,2025-09,102.40054054054055,102.3,2025-09
2025-08-06,117.59,117.59,2025-09,102.05019656019657,101.95,2025-09
2025-08-07,118.75,118.75,2025-09,102.10024570024571,102.0,2025-09
2025-08-08,118.68,118.68,2025-09,102.15029484029485,102.05,2025-09
2025-08-11,119.74,119.74,2025-09,103.65176904176904,103.55,2025-09
2025-08-12,121.0,121.0,2025-09,104.50260442260443,104.4,2025-09
