Date,Ukraine Concentrate fines,lump premium,IOCJ Import margin,rebar steel margin ,indian pellet premium,(IOCJ+SSF)/2-PBF
2/1/2019,690,0.3765,6.85,,,
3/1/2019,690,0.3765,1.74,,,
4/1/2019,690,0.3722,3.84,,,
7/1/2019,680,0.3715,2.94,,,
8/1/2019,680,0.3715,5,,,
9/1/2019,680,0.3715,10.12,,,
10/1/2019,680,0.3715,17.12,,,
11/1/2019,680,0.365,25.07,,,
14/1/2019,670,0.365,23.35,,,
15/1/2019,670,0.365,29.91,,,
16/1/2019,670,0.365,27.86,,,
17/1/2019,670,0.365,25.35,,,
18/1/2019,670,0.367,27.14,,,
21/1/2019,670,0.37,25.85,,,
22/1/2019,670,0.379,24.01,,,
23/1/2019,670,0.379,23.64,,,
24/1/2019,670,0.3713,25.88,,,
25/1/2019,670,0.3713,28.93,,,
28/1/2019,680,0.364,25.84,,,
29/1/2019,700,0.364,18.31,,,
30/1/2019,720,0.364,7.4,,,
31/1/2019,720,0.3609,8.01,,,
1/2/2019,720,0.3609,17.47,,,
2/2/2019,720,0.3609,,,,
3/2/2019,730,0.3609,,,,
4/2/2019,,0.3609,,,,
7/2/2019,,0.3609,,,,
8/2/2019,,0.3609,,,,
11/2/2019,745,0.359,34.92,,,
12/2/2019,775,0.359,39.12,,,
13/2/2019,765,0.3459,32.86,,,
14/2/2019,765,0.3394,14.58,,,
15/2/2019,765,0.3394,11.72,,,
18/2/2019,775,0.3394,10.84,,,
19/2/2019,775,0.3394,15.36,,,
20/2/2019,775,0.3333,17.56,,,
21/2/2019,775,0.3332,24.25,,,
22/2/2019,775,0.3332,16.23,,,
25/2/2019,775,0.3332,29.89,,,
26/2/2019,765,0.3332,30.77,,,
27/2/2019,760,0.3332,30.48,,,
28/2/2019,760,0.3332,25.89,,,
1/3/2019,760,0.36,25.74,,,
4/3/2019,770,0.3615,24.79,,,
5/3/2019,760,0.3615,14.34,,,
6/3/2019,760,0.3615,3.49,,,
7/3/2019,760,0.3615,8.65,,,
8/3/2019,760,0.3615,5.57,,,
11/3/2019,760,0.376,11.33,,,
12/3/2019,760,0.3763,11.6,,,
13/3/2019,760,0.3766,14.98,,,
14/3/2019,755,0.372,-4.41,,,
15/3/2019,755,0.372,-0.77,,,
18/3/2019,755,0.372,1.67,,,
19/3/2019,760,0.372,8.54,,,
20/3/2019,760,0.3676,7.14,,,
21/3/2019,750,0.364,13.91,,,
22/3/2019,745,0.363,-2.14,,,
25/3/2019,745,0.363,3.32,,,
26/3/2019,745,0.363,-1.34,,,
27/3/2019,745,0.3614,-0.08,,,
28/3/2019,735,0.358,0.67,,,
29/3/2019,735,0.347,0.45,,,
1/4/2019,735,0.3471,-5.57,,,
2/4/2019,730,0.337,-14.88,,,
3/4/2019,730,0.335,-13.99,,,
4/4/2019,730,0.328,-20.11,,,
5/4/2019,,0.328,,,,
8/4/2019,730,0.319,-18.73,,,
9/4/2019,730,0.319,-22.1,,,
10/4/2019,730,0.3183,-17.27,,,
11/4/2019,740,0.3183,-12.37,,,
12/4/2019,740,0.3183,-18.81,,,
15/4/2019,740,0.3183,-6.08,,,
16/4/2019,740,0.3142,-9.21,,,
17/4/2019,740,0.326,4.56,,,
18/4/2019,740,0.326,7.43,,,
19/4/2019,740,0.3185,4.88,,,
22/4/2019,740,0.3185,2.94,,,
23/4/2019,740,0.326,-3.64,,,
24/4/2019,740,0.328,-3.45,,,
25/4/2019,750,0.328,-2.68,,,
26/4/2019,750,0.328,-4.73,,,
28/4/2019,750,0.328,,,,
29/4/2019,750,0.335,-14.76,,,
30/4/2019,750,0.335,-15.24,,,
2/5/2019,,0.335,,,,
3/5/2019,,0.335,,,,
5/5/2019,750,0.335,,,,
6/5/2019,750,0.33,-16.34,,,
7/5/2019,750,0.33,-12.26,,,
8/5/2019,750,0.33,-14.95,,,
9/5/2019,750,0.33,-18.78,,,
10/5/2019,750,0.3285,-20.55,,,
13/5/2019,755,0.3285,-26.1,,,
14/5/2019,755,0.3285,-24.48,,,
15/5/2019,755,0.3285,-33.78,,,
16/5/2019,755,0.336,-38.05,,,
17/5/2019,755,0.33,-46.42,,,
20/5/2019,770,0.3318,-43.71,,,
21/5/2019,770,0.3318,-43.65,,,
22/5/2019,770,0.3318,-47.37,,,
23/5/2019,775,0.3285,-45.78,,,
24/5/2019,775,0.324,-43.44,,,
27/5/2019,775,0.324,-38.67,,,
28/5/2019,805,0.3315,-16.36,,,
29/5/2019,815,0.3315,-21.43,,,
30/5/2019,830,0.3315,-5.58,,,
31/5/2019,835,0.3315,10.46,,,
3/6/2019,835,0.3315,12.46,,,
4/6/2019,835,0.3315,16.5,,,
5/6/2019,835,0.3315,10.65,,,
6/6/2019,835,0.339,9.33,,,
7/6/2019,,0.339,,,,
10/6/2019,835,0.3385,0.93,,,
11/6/2019,845,0.3385,-13.88,,,
12/6/2019,845,0.339,-10.41,,,
13/6/2019,845,0.3405,-25.6,,,
14/6/2019,845,0.3415,-12.8,,,
17/6/2019,845,0.339,-11.12,,,
18/6/2019,850,0.3395,-37.31,,,
19/6/2019,865,0.339,-19.08,,,
20/6/2019,865,0.352,-12.26,,,
21/6/2019,865,0.3535,3.11,,,
24/6/2019,865,0.354,0.94,,,
25/6/2019,865,0.354,21.35,,,
26/6/2019,865,0.354,4.63,,,
27/6/2019,865,0.354,-2.42,,,
28/6/2019,870,0.372,-3.11,,,
1/7/2019,895,0.399,-19.54,,,
2/7/2019,915,0.399,-37.96,,,
3/7/2019,915,0.3995,-50.46,,,
4/7/2019,915,0.3995,-8.49,,,
5/7/2019,915,0.3995,8.03,,,
8/7/2019,895,0.3995,2.05,,,
9/7/2019,910,0.3995,-10.1,,,
10/7/2019,910,0.391,-5.83,,,
11/7/2019,905,0.3715,-1.25,,,
12/7/2019,895,0.3625,-5.24,,,
15/7/2019,890,0.354,-7.39,,,
16/7/2019,895,0.3025,8.32,,,
17/7/2019,900,0.2475,3.37,,,
18/7/2019,900,0.2475,7.91,,,
19/7/2019,900,0.2325,9.17,,,
22/7/2019,895,0.2325,9.87,,,
23/7/2019,885,0.2105,13.58,,,
24/7/2019,870,0.21,11.45,,,
25/7/2019,860,0.2085,8.19,,,
26/7/2019,850,0.2085,5.06,,,
29/7/2019,860,0.2085,16.07,,,
30/7/2019,870,0.204,12.94,,,
31/7/2019,875,0.1935,14.33,,,
1/8/2019,875,0.1935,29.2,,,
2/8/2019,875,0.1905,53.61,,,
5/8/2019,860,0.1845,76.25,,,
6/8/2019,810,0.1835,64.92,,,
7/8/2019,790,0.1825,72.31,,,
8/8/2019,760,0.175,49.69,,,
9/8/2019,760,0.164,60.61,,,
12/8/2019,725,0.1535,39.93,,,
13/8/2019,705,0.1405,73.77,,,
14/8/2019,735,0.14,76.91,,,
15/8/2019,735,0.14,86.86,,,
16/8/2019,735,0.14,70.5,,,
19/8/2019,740,0.146,81.34,,,
20/8/2019,740,0.146,78.47,,,
21/8/2019,735,0.1395,103.76,,,
22/8/2019,705,0.13,72.95,,,
23/8/2019,700,0.131,50.08,,,
26/8/2019,700,0.125,80.03,,,
27/8/2019,700,0.122,91.98,,,
28/8/2019,700,0.122,71.13,,,
29/8/2019,700,0.113,73.47,,,
30/8/2019,700,0.113,51.81,,,
2/9/2019,708,0.1145,17.73,,,
3/9/2019,728,0.11,18.87,,,
4/9/2019,733,0.1025,20.15,,,
5/9/2019,743,0.0975,39.77,,,
6/9/2019,748,0.106,46.64,,,
9/9/2019,743,0.0895,33.28,,,
10/9/2019,743,0.114,41.37,,,
11/9/2019,748,0.118,23.65,,,
12/9/2019,748,0.118,12.49,,,
13/9/2019,,0.118,,,,
16/9/2019,764,0.1205,30.07,,,
17/9/2019,781,0.1235,36.51,,,
18/9/2019,781,0.1245,44.07,,,
19/9/2019,773,0.1565,62.63,,,
20/9/2019,758,0.1535,60.23,,,
23/9/2019,761,0.168,52.19,,,
24/9/2019,756,0.168,69.5,,,
25/9/2019,771,0.168,64,,,
26/9/2019,781,0.168,57.34,,,
27/9/2019,791,0.1853,53.67,,,
29/9/2019,796,0.1853,,,,
30/9/2019,796,0.1853,40.25,,,
1/10/2019,,0.1853,,,,
2/10/2019,,0.1853,,,,
3/10/2019,,0.1853,,,,
4/10/2019,,0.1853,,,,
7/10/2019,,0.1853,,,,
8/10/2019,796,0.195,44.44,,,
9/10/2019,786,0.195,58.09,,,
10/10/2019,781,0.2115,37.21,,,
11/10/2019,781,0.2115,34.22,,,
12/10/2019,776,0.2115,,,,
14/10/2019,786,0.23,37.01,,,
15/10/2019,786,0.23,24.37,,,
16/10/2019,786,0.2125,41.53,,,
17/10/2019,781,0.21,38.49,,,
18/10/2019,786,0.21,21.2,,,
21/10/2019,786,0.21,24.79,,,
22/10/2019,781,0.21,17.3,,,
23/10/2019,786,0.2075,9.71,,,
24/10/2019,786,0.21,15.81,,,
25/10/2019,786,0.205,7.53,,,
28/10/2019,791,0.192,13.3,,,
29/10/2019,791,0.192,18.13,,,
30/10/2019,791,0.192,15.39,,,
31/10/2019,786,0.192,22.64,,,
1/11/2019,786,0.192,15.81,,,
4/11/2019,776,0.192,20.74,,,
5/11/2019,771,0.2088,22.78,,,
6/11/2019,768,0.201,22.11,,,
7/11/2019,765,0.213,10.82,,,
8/11/2019,765,0.2275,24.32,,,
11/11/2019,775,0.2275,21.89,,,
12/11/2019,765,0.2275,2.03,,,
13/11/2019,760,0.2275,4.3,,,
14/11/2019,755,0.2153,-18.74,,,
15/11/2019,750,0.2153,-12.05,,,
18/11/2019,750,0.2153,-7.41,,,
19/11/2019,750,0.214,-10.16,,,
20/11/2019,755,0.214,-7.1,,,
21/11/2019,760,0.2258,-13.56,,,
22/11/2019,753,0.2258,-7.05,,,
25/11/2019,753,0.2283,-7.12,,,
26/11/2019,761,0.2283,1.91,,,
27/11/2019,758,0.2333,1.18,,,
28/11/2019,755,0.2315,-3.66,,,
29/11/2019,758,0.2315,-3.65,,,
2/12/2019,753,0.2315,-3.36,,,
3/12/2019,758,0.2315,-0.85,,,
4/12/2019,763,0.2435,4.42,,,
5/12/2019,768,0.266,-0.91,,,
6/12/2019,768,0.258,-0.8,,,
9/12/2019,771,0.26,-21.4,,,
10/12/2019,771,0.2605,-11.37,,,
11/12/2019,778,0.2525,-14.53,,,
12/12/2019,778,0.254,-13.51,,,
13/12/2019,778,0.254,-6.39,,,
16/12/2019,778,0.254,-13.27,,,
17/12/2019,770,0.254,-12.75,,,
18/12/2019,765,0.254,-7.18,,,
19/12/2019,765,0.2475,-7.65,,,
20/12/2019,765,0.2435,5.92,,,
23/12/2019,765,0.2435,4.94,,,
24/12/2019,775,0.2435,5.46,,,
25/12/2019,775,0.2435,4.33,,,
26/12/2019,767,0.252,11.92,,,
27/12/2019,765,0.2475,-0.78,,,
30/12/2019,768,0.2375,0.2,,,
31/12/2019,768,0.2375,6.73,,,
2/1/2020,768,0.232,-1.57,,,
3/1/2020,765,0.2325,-2.6,,,
6/1/2020,765,0.2325,4.6,,,
7/1/2020,765,0.2325,4.18,,,
8/1/2020,767,0.248,12.7,,,
9/1/2020,762,0.248,27.42,,,
10/1/2020,762,0.236,18.64,,,
13/1/2020,772,0.2475,12.56,,,
14/1/2020,780,0.2475,-0.2,,,
15/1/2020,782,0.2475,-1.51,,,
16/1/2020,782,0.25,0.86,,,
17/1/2020,780,0.25,5.67,,,
19/1/2020,790,0.25,,,,
20/1/2020,792,0.2615,22.64,,,
21/1/2020,800,0.2615,6.56,,,
22/1/2020,800,0.2615,7.02,,,
23/1/2020,800,0.2615,3.66,,,
24/1/2020,,0.2615,,,,
28/1/2020,,0.2615,,,,
29/1/2020,,0.2615,,,,
30/1/2020,,0.2615,,,,
31/1/2020,,0.2615,,,,
3/2/2020,808,0.2615,51.15,,,
4/2/2020,790,0.2515,47.59,,,
5/2/2020,785,0.264,46,,,
6/2/2020,785,0.264,19.62,,,
7/2/2020,762,0.264,18.56,,,
10/2/2020,757,0.258,29.69,,,
11/2/2020,752,0.258,-2.8,,,
12/2/2020,757,0.263,-6.9,,,
13/2/2020,760,0.263,4.18,,,
14/2/2020,760,0.258,7.15,,,
17/2/2020,760,0.259,7.16,,,
18/2/2020,763,0.259,15.5,,,
19/2/2020,773,0.259,15.76,,,
20/2/2020,780,0.259,19.31,,,
21/2/2020,785,0.2755,9.73,,,
24/2/2020,785,0.2745,21.93,,,
25/2/2020,785,0.272,30.08,,,
26/2/2020,800,0.2705,37.19,,,
27/2/2020,805,0.2745,31.86,,,
28/2/2020,785,0.288,27.49,,,
2/3/2020,780,0.3005,17.44,,,
3/3/2020,780,0.297,25.18,,,
4/3/2020,780,0.3055,11.02,,,
5/3/2020,788,0.3045,19.34,,,
6/3/2020,790,0.3035,23.22,,,
9/3/2020,790,0.3035,28.86,,,
10/3/2020,780,0.3085,7.46,,,
11/3/2020,790,0.3085,18.96,,,
12/3/2020,790,0.3065,5.01,,,
13/3/2020,780,0.3065,8.34,,,
16/3/2020,790,0.2875,14.51,,,
17/3/2020,788,0.3,14.86,,,
18/3/2020,790,0.3,9.69,,,
19/3/2020,795,0.3,9.21,,,
20/3/2020,795,0.2915,33.78,,,
23/3/2020,790,0.2915,56.27,,,
24/3/2020,780,0.2915,14.07,,,
25/3/2020,785,0.2875,21.06,,,
26/3/2020,790,0.2875,26.96,,,
27/3/2020,790,0.2795,32.79,,,
30/3/2020,790,0.273,39.44,,29.55,
31/3/2020,775,0.2735,34.44,,25.75,
1/4/2020,775,0.2595,32.14,,27.6,
2/4/2020,770,0.262,40.84,,25.85,
3/4/2020,760,0.2345,46.01,,26.05,
6/4/2020,,0.2345,,,26.05,
7/4/2020,765,0.218,53.08,,21.25,
8/4/2020,765,0.2195,43.73,,19.55,
9/4/2020,765,0.2195,44.62,,20.7,
10/4/2020,765,0.2195,43.64,,20.55,
13/4/2020,765,0.2185,22.09,,19.1,
14/4/2020,765,0.2225,28.8,,17.8,
15/4/2020,765,0.2305,16.77,,15.95,
16/4/2020,760,0.2245,21.46,,14.85,
17/4/2020,760,0.2245,17.29,,13.1,
20/4/2020,760,0.2245,18.77,,12.1,
21/4/2020,770,0.2185,31.16,,14.65,
22/4/2020,765,0.2185,25.01,,14.65,
23/4/2020,765,0.2095,13.03,,15.85,
24/4/2020,765,0.189,14.3,,16.1,
26/4/2020,765,0.189,,,16.1,
27/4/2020,765,0.187,9.8,,14.4,
28/4/2020,760,0.182,16.55,,15.4,
29/4/2020,760,0.182,17.73,,17.35,
30/4/2020,750,0.182,17.47,,16.05,
4/5/2020,,0.182,,,16.05,
5/5/2020,,0.182,,,16.05,
6/5/2020,750,0.182,11.65,,15.8,
7/5/2020,750,0.182,15.82,,14.3,
8/5/2020,750,0.187,8.51,,11.65,
9/5/2020,750,0.187,,,11.65,
11/5/2020,750,0.1925,14.53,,14.95,
12/5/2020,750,0.195,9.2,,12.85,
13/5/2020,750,0.1975,2.28,,12.7,
14/5/2020,765,0.1975,3.21,,13.75,
15/5/2020,765,0.1975,13.12,,12.6,
18/5/2020,775,0.199,5.63,,11.75,
19/5/2020,785,0.1915,16.62,,10.8,
20/5/2020,795,0.172,26.62,,13.1,
21/5/2020,810,0.1635,26.26,,12.3,
22/5/2020,815,0.1525,33.88,,13.25,
25/5/2020,815,0.15,34.12,,13.45,
26/5/2020,815,0.1525,46.33,,13.45,
27/5/2020,810,0.1555,35.29,,14.8,
28/5/2020,810,0.1555,28.03,,13.65,
29/5/2020,820,0.1555,20.52,,13.8,
1/6/2020,820,0.155,48.28,,11.2,
2/6/2020,820,0.1565,46.01,,12.4,
3/6/2020,845,0.1565,58.76,,12.3,
4/6/2020,845,0.1565,60.6,,14.15,
5/6/2020,845,0.15,50.73,,11.1,
8/6/2020,875,0.146,47.87,,7.8,
9/6/2020,890,0.145,50.37,,8.2,
10/6/2020,885,0.146,53.8,,8.65,
11/6/2020,865,0.1365,46.55,,9.8,
12/6/2020,865,0.1275,52.29,,7.85,
15/6/2020,875,0.1275,46.01,,9.8,
16/6/2020,865,0.1145,52.16,,7.85,
17/6/2020,870,0.117,58.95,,6.7,
18/6/2020,860,0.117,57.44,,7.4,
19/6/2020,860,0.107,62.09,,6.75,
22/6/2020,860,0.1015,60.19,,8.65,
23/6/2020,855,0.113,68.72,,8.8,
24/6/2020,850,0.1175,55.28,,7.15,
25/6/2020,,0.1175,,,7.15,
26/6/2020,,0.1175,,,7.15,
28/6/2020,850,0.1175,,,7.15,
29/6/2020,855,0.117,75.41,,8.3,
30/6/2020,835,0.1215,70.17,,7.25,
1/7/2020,835,0.1215,73.17,,9.15,
2/7/2020,847,0.113,67.96,,9.4,
3/7/2020,847,0.113,62.76,,8.9,
6/7/2020,847,0.113,62.17,,7.4,
7/7/2020,852,0.116,60.54,,6.2,
8/7/2020,852,0.109,50.8,,2.35,
9/7/2020,852,0.1125,60.38,,3.8,
10/7/2020,852,0.1125,56.19,,3.45,
13/7/2020,870,0.1125,47.37,,1.75,
14/7/2020,870,0.1055,46.91,,2.5,
15/7/2020,870,0.0885,40.93,,1.85,
16/7/2020,870,0.0885,20.16,,3.45,
17/7/2020,860,0.0885,29.42,,4.9,
20/7/2020,860,0.0795,21.96,,5.15,
21/7/2020,860,0.05,16.85,,3.95,
22/7/2020,863,0.05,22.14,,3.7,
23/7/2020,868,0.05,12.59,,3.65,
24/7/2020,865,0.039,5.87,,3.35,
27/7/2020,850,0.039,13.9,,3.7,
28/7/2020,845,0.0595,21.36,,4.2,
29/7/2020,855,0.072,9.38,,2.7,
30/7/2020,855,0.072,3,,2.25,
31/7/2020,865,0.072,10.02,,2.25,
3/8/2020,865,0.072,13.48,,-2.15,
4/8/2020,880,0.069,16.91,,-2.3,
5/8/2020,885,0.069,20.5,,-1.95,
6/8/2020,890,0.069,8.51,,-4.55,
7/8/2020,900,0.05,15.56,,-1.55,
10/8/2020,900,0.04,17.29,,-1.6,
11/8/2020,895,0.04,29.11,,-3.45,
12/8/2020,890,0.049,18.46,,-5.5,
13/8/2020,900,0.0455,22.46,,-5.15,
14/8/2020,900,0.0455,26.84,,-4.25,
17/8/2020,900,0.044,31.6,,-3.55,
18/8/2020,913,0.044,0.28,,-7.2,
19/8/2020,930,0.0445,-6.08,,-8.5,
20/8/2020,930,0.0445,-2,,-8.25,
21/8/2020,930,0.042,-1.05,,-5.2,
24/8/2020,930,0.042,7.05,,-3.45,
25/8/2020,930,0.042,11.93,,-1.55,
26/8/2020,930,0.042,-2.67,,-2.4,
27/8/2020,925,0.029,18.96,,-0.65,
28/8/2020,925,0.029,5.35,,-1.3,
31/8/2020,940,0.029,16.38,,-1.35,
1/9/2020,935,0.069,24.24,,-0.55,
2/9/2020,935,0.069,15.79,,-2.5,
3/9/2020,940,0.0735,1.45,,-2.85,
4/9/2020,950,0.0735,19.54,,-1.9,
7/9/2020,960,0.0805,2.92,,-1.7,
8/9/2020,970,0.0805,20.41,,0.95,
9/9/2020,970,0.0805,36.99,,3,
10/9/2020,968,0.0805,27.64,,4.05,
11/9/2020,968,0.0805,7.95,,3.7,
14/9/2020,968,0.079,7.19,,4.1,
15/9/2020,975,0.074,20.16,,3.4,
16/9/2020,970,0.065,49.26,,7.3,
17/9/2020,945,0.065,66.53,,9.8,
18/9/2020,950,0.051,50.83,,8.45,
21/9/2020,965,0.054,70.3,,13,
22/9/2020,955,0.054,86.79,,11.1,
23/9/2020,955,0.054,96.94,,12,
24/9/2020,955,0.054,81.92,,11.25,
25/9/2020,945,0.054,78.28,,11.2,
27/9/2020,930,0.054,,,11.2,
28/9/2020,925,0.054,73.4,,10.25,
29/9/2020,920,0.0885,60.41,,9.35,
30/9/2020,925,0.0885,50.69,,7.55,
1/10/2020,,0.0885,,,7.55,
2/10/2020,,0.0885,,,7.55,
5/10/2020,,0.0885,,,7.55,
6/10/2020,,0.0885,,,7.55,
7/10/2020,,0.0885,,,7.55,
8/10/2020,,0.0885,,,7.55,
9/10/2020,940,0.0885,46.24,,6.55,
10/10/2020,955,0.0885,,,6.55,
12/10/2020,955,0.0885,55.84,,7.1,
13/10/2020,955,0.0885,70.93,,7.9,
14/10/2020,948,0.0885,70.28,,10.15,
15/10/2020,948,0.0885,72.96,,11.4,
16/10/2020,933,0.0885,75.44,,12.15,
19/10/2020,938,0.0885,71.33,,12.85,
20/10/2020,917,0.0885,67.85,,12.95,
21/10/2020,917,0.0885,64.64,,13.3,
22/10/2020,920,0.0885,61.69,,14.45,
23/10/2020,917,0.0885,84.16,,17.1,
26/10/2020,907,0.0885,70.86,,17.25,
27/10/2020,892,0.0885,61.46,,17.3,
28/10/2020,885,0.0885,56.59,,17.15,
29/10/2020,892,0.0885,65.26,,17.6,
30/10/2020,897,0.0885,46.83,,16.8,
2/11/2020,892,0.076,30.31,,17.85,
3/11/2020,895,0.07,34.91,,18.25,
4/11/2020,892,0.07,31.77,,17.65,
5/11/2020,892,0.07,40.19,,17.7,
6/11/2020,887,0.07,34.96,,17.3,
9/11/2020,895,0.07,40.9,,17.25,
10/11/2020,887,0.07,42.68,,15.55,
11/11/2020,912,0.07,26.71,,14.85,
12/11/2020,912,0.055,37.27,,16.4,
13/11/2020,912,0.075,41.69,,16.4,
16/11/2020,907,0.075,31.18,,17.15,
17/11/2020,910,0.078,25.02,,15.95,
18/11/2020,912,0.073,24.41,,15.05,
19/11/2020,919,0.0675,24.02,,15.9,
20/11/2020,917,0.07,23.02,,15.85,
23/11/2020,925,0.09,28.71,,16.8,
24/11/2020,920,0.0725,21.96,,15.65,
25/11/2020,920,0.075,23.27,,16.3,
26/11/2020,920,0.068,15.14,,16.1,
27/11/2020,930,0.085,15.27,,16.6,
30/11/2020,932,0.085,6.97,,16.15,
1/12/2020,940,0.085,6.23,,15.6,
2/12/2020,940,0.085,-11.57,,14.9,
3/12/2020,958,0.14,-18.99,,16.2,
4/12/2020,963,0.1025,-46.91,,15.1,
7/12/2020,980,0.1025,-54.92,,11.95,
8/12/2020,1008,0.1,-50.59,,15.7,
9/12/2020,1025,0.1,-44.63,,15.3,
10/12/2020,1063,0.1,-63.66,,14.3,
11/12/2020,1090,0.1,-61.26,,13.45,
14/12/2020,1090,0.1,-26.71,,14.6,
15/12/2020,1070,0.1,-28.59,,15.1,
16/12/2020,1100,0.1,-35.35,,19.9,
17/12/2020,1120,0.1,-28.92,,20.1,
18/12/2020,1160,0.1,-28.04,,20.2,
21/12/2020,1230,0.1,-55.73,,17.9,
22/12/2020,1220,0.125,-2.86,,20.05,
23/12/2020,1220,0.125,-21.76,,20.7,
24/12/2020,1190,0.125,-34.11,,23.3,
25/12/2020,1196,0.125,-25.34,,25.85,
28/12/2020,1196,0.125,-19.57,,26.55,
29/12/2020,1175,0.125,-11.21,,26.8,
30/12/2020,1143,0.192,-8.29,,26.95,
31/12/2020,1155,0.192,-0.15,,29.45,
4/1/2021,1155,0.195,-49.16,,30.55,-44
5/1/2021,1178,0.219,-44.64,,29.75,-44.5
6/1/2021,1190,0.274,-37.15,,29.85,-41
7/1/2021,1213,0.3238,-29.46,,29.15,-36.5
8/1/2021,1260,0.324,-21.93,,29.1,-23
11/1/2021,1280,0.3,-34.58,,29.1,-23
12/1/2021,1293,0.33,-32.19,,29.25,-18
13/1/2021,1320,0.34,-19.3,,31.85,-14.5
14/1/2021,1365,0.37,-34.3,,32.5,-11.5
15/1/2021,1385,0.3325,-21.82,,31.9,-3.5
18/1/2021,1395,0.34,-25.58,,32.15,-10.5
19/1/2021,1387,0.37,-0.6,,32.65,-6.5
20/1/2021,1390,0.3735,-2.67,,33.65,-6
21/1/2021,1360,0.38,-14.2,,34.5,-12
22/1/2021,1380,0.38,-6.56,,34.95,-0.5
25/1/2021,1385,0.38,-12.84,,36,-5
26/1/2021,1380,0.38,-2.04,,36.35,0.5
27/1/2021,1380,0.36,-4.42,,36.55,-2.5
28/1/2021,1360,0.3785,17.62,,36.25,-5.5
29/1/2021,1350,0.3775,-3.99,,37.2,-10
1/2/2021,1350,0.38,16.71,,38.45,-5
2/2/2021,1325,0.436,47.71,,36.95,7
3/2/2021,1325,0.405,41.36,,35.75,0
4/2/2021,1325,0.424,-4,,35.6,-5
5/2/2021,1335,0.424,15.73,,34.9,-3
7/2/2021,1335,0.424,,,34.9,-3
8/2/2021,1335,0.424,11.09,,34,-5
9/2/2021,1360,0.424,6.51,,34.25,-11.5
10/2/2021,1360,0.424,8.77,,34.25,-11.5
11/2/2021,,0.424,,,34.25,
15/2/2021,,0.424,,,34.25,
16/2/2021,,0.424,,,34.25,
17/2/2021,,0.424,,,34.25,
18/2/2021,1400,0.43,-18.11,,19.5,-11.5
19/2/2021,1398,0.431,-8.37,,20.4,-8.5
20/2/2021,1398,0.431,,,20.4,-8.5
22/2/2021,1425,0.426,-10.91,,21.55,-7.5
23/2/2021,1415,0.426,-13.65,,24.35,-4
24/2/2021,1415,0.42,-14.41,,25.3,-6
25/2/2021,1415,0.42,-13.26,,24.85,-8.5
26/2/2021,1417,0.4225,-30.96,,27.3,-3.5
1/3/2021,1417,0.4335,-9.53,,28.9,3
2/3/2021,1405,0.4335,-14.16,,28.3,-1.5
3/3/2021,1410,0.4465,-10.42,,27.85,-1.5
4/3/2021,1415,0.4475,-26.47,,26.65,-8
5/3/2021,1382,0.5,-21.14,,29.3,3.5
8/3/2021,1402,0.5035,-15.21,,29.65,2
9/3/2021,1359,0.48,19.31,,31.55,18.5
10/3/2021,1339,0.48,14.82,,31.85,14.5
11/3/2021,1365,0.5075,-15.22,,29.9,5
12/3/2021,1365,0.535,1.88,,35.05,9.5
15/3/2021,1365,0.51,6.17,,37.05,10.5
16/3/2021,1378,0.51,4.19,,37.05,2.5
17/3/2021,1378,0.51,7.31,,37.15,9
18/3/2021,1385,0.51,22.16,,37.05,5
19/3/2021,1385,0.5235,37.18,,40.35,7
22/3/2021,1365,0.51,45.72,,43.75,13.5
23/3/2021,1365,0.51,9.53,,42.1,10.5
24/3/2021,1365,0.51,4.18,,42.4,13
25/3/2021,1368,0.51,0.26,,43,6
26/3/2021,1378,0.54,-20.21,,41.85,3.5
29/3/2021,1385,0.525,-30.42,,37.3,1
30/3/2021,1375,0.525,-37.08,,37.35,3
31/3/2021,1375,0.5235,-30.42,,36.85,6.5
1/4/2021,1375,0.545,-34.33,,36.1,4
2/4/2021,1375,0.545,,,36.1,-1
5/4/2021,,0.545,,,36.1,
6/4/2021,1370,0.545,,,33.55,3.5
7/4/2021,1375,0.5535,-61.55,,31.4,2.5
8/4/2021,1375,0.5535,-56.56,,31.9,5.5
9/4/2021,1370,0.557,-56.07,,32.3,6
12/4/2021,1380,0.557,-47.75,,32.3,0
13/4/2021,1385,0.56,-52.64,,32.85,3.5
14/4/2021,1385,0.59,-55.56,,32.7,-1.5
15/4/2021,1385,0.59,-65.19,,29.85,-10.5
16/4/2021,1385,0.5725,-71.41,,30.3,-15
19/4/2021,1390,0.585,-71.94,,29.5,-5
20/4/2021,1390,0.585,-64,,23.8,-11.5
21/4/2021,1410,0.5615,-51.81,,25.25,-9
22/4/2021,1410,0.5515,-30.78,,27.05,-5.5
23/4/2021,1405,0.58,-33,,27.2,-4
25/4/2021,1430,0.58,,,27.2,-14
26/4/2021,1450,0.58,-19.48,,28.55,-19.5
27/4/2021,1475,0.5465,-6.79,,28.85,-19
28/4/2021,1475,0.5465,4.64,,28.5,-24.5
29/4/2021,1500,0.535,-4.35,,28.55,-26.5
30/4/2021,1510,0.535,8.21,,31.75,-19.5
3/5/2021,,0.535,,,31.75,
4/5/2021,,0.535,,,31.75,
5/5/2021,,0.535,,,31.75,
6/5/2021,1550,0.535,-5.54,,29.7,-50
7/5/2021,1605,0.535,23.04,,24.4,-66
8/5/2021,1605,0.535,98.89,,24.4,-88
10/5/2021,1840,0.4665,122.24,,23.8,-67.5
11/5/2021,1825,0.4665,105.44,,18.55,-83
12/5/2021,1825,0.46,75.66,,18.05,-74
13/5/2021,1830,0.46,67.42,,26.2,-109.5
14/5/2021,1730,0.5165,47.4,,26.4,-70.5
17/5/2021,1690,0.5165,48.91,,29.75,-86.5
18/5/2021,1740,0.5165,18.87,,28.45,-94
19/5/2021,1690,0.5165,,,30.6,-112
20/5/2021,1625,0.5165,-7.92,,31.6,-83.5
21/5/2021,1650,0.49,81.66,,35.4,-53.5
24/5/2021,1565,0.49,111.07,,35.9,-26
25/5/2021,1555,0.49,58.87,,36.05,-50
26/5/2021,1515,0.51,130.62,,38.65,-22.5
27/5/2021,1540,0.494,108.97,,38,-33
28/5/2021,1550,0.524,112.75,,39.05,-39
31/5/2021,1540,0.524,121.34,,39.25,-44
1/6/2021,1580,0.524,88.71,,39.25,-48.5
2/6/2021,1615,0.524,71.48,,38.95,-49.5
3/6/2021,1650,0.5985,112.25,,38.85,-52.5
4/6/2021,1625,0.5985,153.94,,37.35,-35
7/6/2021,1600,0.5635,176.42,,37.4,-23.5
8/6/2021,1625,0.5635,121.62,,36.35,-39
9/6/2021,1640,0.7,118.42,,36.35,-49
10/6/2021,1640,0.7035,120.2,,36.25,-51
11/6/2021,1690,0.7035,143.22,,35.8,-52.5
14/6/2021,,0.7035,,,35.8,
15/6/2021,1730,0.7035,129.45,,35.55,-50
16/6/2021,1720,0.6925,189.35,,35.4,-32.5
17/6/2021,1720,0.6925,144.94,,34.95,-38.5
18/6/2021,1735,0.725,133.42,,36.2,-47
21/6/2021,1700,0.725,164.14,,36.25,-50
22/6/2021,1705,0.7135,105.95,,35.55,-50
23/6/2021,1725,0.7135,94.54,,34.3,-54
24/6/2021,1715,0.7135,98.62,,34.55,-57
25/6/2021,1730,0.7135,90.02,,34.1,-60
28/6/2021,1730,0.7135,78.72,,34.15,-65
29/6/2021,1730,0.7135,113.87,,34.7,-64.5
30/6/2021,1710,0.7135,100.03,,33.25,-61.5
1/7/2021,1715,0.705,,,33.5,-61.5
2/7/2021,1715,0.705,129.3,,34.85,-63.5
5/7/2021,1735,0.705,121.3,,34.8,-57.5
6/7/2021,1735,0.705,124.74,,34.25,-58
7/7/2021,1735,0.6725,116.24,,32.75,-61.5
8/7/2021,1715,0.59,113.88,,32.55,-57
9/7/2021,1700,0.59,111.15,,32.75,-57.5
12/7/2021,1690,0.59,115.84,,33.35,-51
13/7/2021,1700,0.59,113.67,,33.8,-57.5
14/7/2021,1685,0.5635,111.34,,33.75,-45
15/7/2021,1690,0.5635,94.93,,33.7,-45
16/7/2021,1690,0.5635,68.98,,35.25,-51
19/7/2021,1695,0.5635,72.94,,34.95,-52.5
20/7/2021,1685,0.54,70.28,,35.45,-45
21/7/2021,1670,0.54,95.26,,35.5,-51
22/7/2021,1660,0.505,122.01,,35.2,-43
23/7/2021,1595,0.505,158.38,,35.05,-21.5
26/7/2021,1575,0.505,137.15,,35.25,-20
27/7/2021,1570,0.505,141.96,,35.05,-14.5
28/7/2021,1555,0.46,129.16,,34.7,-18.5
29/7/2021,1555,0.46,141.7,,32.35,-5
30/7/2021,1470,0.43,199.58,,31.9,8
2/8/2021,1470,0.43,191.1,,31.9,9
3/8/2021,1470,0.425,187.02,,32,6.5
4/8/2021,1470,0.425,186.05,,31.9,4.5
5/8/2021,1430,0.35,246.17,,31.35,2.5
6/8/2021,1420,0.35,229.84,,29.7,0
9/8/2021,1400,0.35,269.1,,29.5,11.5
10/8/2021,1385,0.35,264.61,,29.2,18
11/8/2021,1360,0.325,237.99,,26.9,20
12/8/2021,1360,0.325,234.48,,26.25,24.5
13/8/2021,1350,0.3065,229.88,,26.05,33.5
16/8/2021,1330,0.3065,217.25,,25.35,27
17/8/2021,1330,0.23,226.77,,25.4,33.5
18/8/2021,1330,0.2,287.95,,25.15,44
19/8/2021,1260,0.1725,426.97,,25.2,71
20/8/2021,1280,0.15,350.21,,24.7,62
23/8/2021,1275,0.15,366.1,,24.55,65.5
24/8/2021,1280,0.15,279.45,,24.1,55.5
25/8/2021,1270,0.15,274.74,,24.1,55
26/8/2021,1275,0.12,227.51,,22.95,34
27/8/2021,1275,0.09,191.58,,22.85,13.5
30/8/2021,1275,0.09,190.31,,22.75,-7
31/8/2021,1260,0.095,207.87,,23.25,2
1/9/2021,1235,0.095,275.37,,21.65,25.5
2/9/2021,1230,0.07,286.15,,21.45,16.5
3/9/2021,1215,0.07,248.54,,21.25,14
6/9/2021,1215,0.07,271.79,,20.75,2
7/9/2021,1170,0.07,214.43,,20.2,-1.5
8/9/2021,1160,0.07,208.01,,19.75,-8.5
9/9/2021,1150,0.07,220.18,,20.15,-15
10/9/2021,1145,0.0625,219.74,,20.45,-8.5
13/9/2021,1130,0.0625,228.58,,20.7,-3.5
14/9/2021,1135,0.045,232.34,,20.8,-2
15/9/2021,1120,0.03,197.8,,21.85,-12.5
16/9/2021,1030,0.03,212.26,,24.85,0
17/9/2021,935,0.03,150.01,,25.45,10.5
18/9/2021,945,0.03,,,25.45,18
20/9/2021,,0.03,,,25.75,
21/9/2021,,0.03,,,25.75,
22/9/2021,945,0.03,,,26.3,15
23/9/2021,955,0.03,87.86,,26.35,4.5
24/9/2021,975,0.03,121.12,,25.05,-12.5
26/9/2021,995,0.03,,,25.05,-32
27/9/2021,1005,0.0265,73.83,,26.4,-48
28/9/2021,995,0.0975,104.03,,26.45,-46
29/9/2021,1020,0.1275,100.69,,27.75,-35.5
30/9/2021,1040,0.1365,106.66,,27.4,-34.5
1/10/2021,,0.16,,,27.4,
4/10/2021,,0.16,,,27.4,
5/10/2021,,0.16,,,27.4,
6/10/2021,,0.16,,,27.4,
7/10/2021,,0.16,,,27.4,
8/10/2021,1055,0.16,83.62,,28.4,-37.5
9/10/2021,1070,0.16,,,28.4,-39.5
11/10/2021,1105,0.232,62.31,,31.05,-38.5
12/10/2021,1095,0.232,89.09,,33.9,-40
13/10/2021,1080,0.232,94.6,,36,-48.5
14/10/2021,1090,0.225,,,37.8,-33.5
15/10/2021,1090,0.225,78.34,,38.9,-48.5
18/10/2021,1100,0.21,71.73,,39.2,-51
19/10/2021,1105,0.21,66.6,,39.9,-49.5
20/10/2021,1115,0.2175,74.55,,41.1,-53
21/10/2021,1085,0.2175,68.71,,41.55,-53.5
22/10/2021,1108,0.2175,82.84,,41.8,-57
25/10/2021,1110,0.24,116.12,,45,-56.5
26/10/2021,1110,0.24,111.94,,45.6,-56
27/10/2021,1105,0.225,98.83,,48,-63.5
28/10/2021,1080,0.216,121.15,,49.15,-62
29/10/2021,1035,0.215,109.47,,50.65,-58
1/11/2021,1005,0.218,146.97,,50.95,-61.5
2/11/2021,920,0.218,94.92,,53.35,-54.5
3/11/2021,920,0.19,65.96,,54.4,-63
4/11/2021,915,0.19,88.26,,55.15,-63
5/11/2021,875,0.19,73.83,,54.85,-53.5
8/11/2021,860,0.19,69.62,,54.8,-51.5
9/11/2021,820,0.1865,51.49,,53.8,-48
10/11/2021,790,0.1685,22.88,,52.95,-35
11/11/2021,823,0.134,26.27,,50.4,-39
12/11/2021,815,0.1135,27.19,,49.7,-36
15/11/2021,785,0.11,29.36,,49.05,-28.5
16/11/2021,780,0.104,12.75,,46.45,-35
17/11/2021,765,0.108,8.6,,46.4,-33.5
18/11/2021,740,0.108,7.81,,46.25,-23.5
19/11/2021,740,0.108,-7.27,,43.65,-25
22/11/2021,760,0.108,-0.27,,42.4,-41.5
23/11/2021,785,0.108,-13.85,,41.7,-51
24/11/2021,805,0.115,-44.92,,40.95,-70.5
25/11/2021,810,0.124,-11.64,,39.95,-58.5
26/11/2021,790,0.124,6.56,,38.45,-37.5
29/11/2021,835,0.124,-25.12,,35.8,-56.5
30/11/2021,823,0.124,-33.31,,35.6,-58.5
1/12/2021,843,0.1482,-24.84,,35.35,-61.5
2/12/2021,835,0.1335,-7.57,,34.95,-60
3/12/2021,840,0.126,-7.41,,34.75,-60.5
6/12/2021,865,0.1375,-11.79,,34.4,-54.5
7/12/2021,905,0.1612,-12.39,,33.85,-67
8/12/2021,915,0.1612,-16.99,,33.7,-65
9/12/2021,910,0.141,-21.78,,34.3,-62
10/12/2021,910,0.1325,-9.95,,33.7,-61.5
13/12/2021,935,0.1325,-15.27,,31.6,-63.5
14/12/2021,940,0.1325,-2.37,,32.25,-55
15/12/2021,925,0.13,-5.02,,31.35,-60.5
16/12/2021,945,0.1325,-15.38,,30.8,-59.5
17/12/2021,955,0.144,-28.53,,30.15,-61.5
20/12/2021,970,0.1475,-31.17,,29.6,-75.5
21/12/2021,1005,0.1425,-26.37,,30.3,-85.5
22/12/2021,1000,0.16,-29.77,,30.05,-85.5
23/12/2021,1005,0.1465,-22.47,,27.85,-78
24/12/2021,1025,0.154,-30.07,,26.55,-82.5
27/12/2021,1020,0.151,,,26.8,-76
28/12/2021,995,0.149,3.48,,27.45,-69
29/12/2021,985,0.159,-1.44,,27.9,-65
30/12/2021,995,0.1775,16.59,,29.55,-63
31/12/2021,1010,0.1945,-1,,30.1,-66
3/1/2022,,0.1945,,,30.1,
4/1/2022,1020,0.2025,-3.23,605,30,-68
5/1/2022,1025,0.2415,5.97,608,30.4,-62.5
6/1/2022,1045,0.266,-36.23,559,30.2,-55
7/1/2022,1045,0.28,-31.06,539,30.05,-56
10/1/2022,1045,0.291,-20.12,516,31.1,-49
11/1/2022,1065,0.296,-36.88,489,33,-44
12/1/2022,1085,0.2975,-24.75,495,32.6,-36.5
13/1/2022,1085,0.2925,-0.99,494,31.95,-38
14/1/2022,1085,0.297,-1,502,34.15,-32.5
17/1/2022,1075,0.2875,12.06,509,34.25,-28
18/1/2022,1075,0.2685,-19.97,507,35.15,-34.5
19/1/2022,1105,0.248,-19.1,507,35.65,-36
20/1/2022,1125,0.248,-26.26,504,34.05,-39
21/1/2022,1140,0.258,-34.74,484,33.75,-38
24/1/2022,1135,0.252,-16.75,475,33.1,-39
25/1/2022,1145,0.3,-40.58,491,34.3,-45
26/1/2022,1155,0.315,-35.44,464,34.75,-46
27/1/2022,1155,0.305,-32.23,447,33.8,-49.5
28/1/2022,1200,0.3115,-27.22,398,33.35,-53.5
29/1/2022,1190,0.3115,,,33.2,-52.5
30/1/2022,1190,0.3115,,,33.2,-52.5
31/1/2022,,0.3115,,,33.2,
3/2/2022,,0.3115,,,33.2,
4/2/2022,,0.3115,,,33.2,
7/2/2022,1220,0.314,-43.68,495,34.55,-53
8/2/2022,1235,0.325,-34.57,514,34.15,-54
9/2/2022,1193,0.319,-44.65,591,34.15,-57
10/2/2022,1235,0.3525,-51.72,617,34.35,-62.5
11/2/2022,1220,0.345,-48.88,627,34.2,-64
14/2/2022,1205,0.338,-42.57,632,34.3,-60
15/2/2022,1130,0.343,-41.37,668,34.5,-53.5
16/2/2022,1148,0.34,-50.19,674,34.7,-60
17/2/2022,1110,0.34,-27.05,660,35.25,-60
18/2/2022,1100,0.3385,-43.52,689,35,-59
21/2/2022,1135,0.3415,-50.36,681,34.95,-63
22/2/2022,1120,0.3465,-58.63,647,34.9,-62.5
23/2/2022,1135,0.3365,-44.59,648,34.6,-57.5
24/2/2022,1135,0.345,-31.16,586,34.4,-57.5
25/2/2022,1140,0.345,-40.32,553,34.25,-68.5
28/2/2022,1162,0.34,-41.95,540,33.3,-67
1/3/2022,1192,0.3525,-51.1,533,32.9,-77.5
2/3/2022,1240,0.3535,-36.03,557,33.15,-75
3/3/2022,1310,0.3525,-39.96,510,35.2,-72.5
4/3/2022,1320,0.36,-47.56,448,37.2,-72.5
7/3/2022,1370,0.4025,-52.83,477,36,-75
8/3/2022,1360,0.4025,-75.11,461,36.35,-76
9/3/2022,1335,0.3895,-87.35,394,40.7,-76
10/3/2022,1335,0.4465,-73.51,412,39.15,-77
11/3/2022,1330,0.4465,-65.13,356,40.85,-73
14/3/2022,1300,0.4715,-44.11,320,41.85,-63.5
15/3/2022,1290,0.4715,-7.31,348,42.4,-41.5
16/3/2022,1310,0.446,-17.75,385,41.75,-45
17/3/2022,1310,0.415,-22.08,351,40.05,-42.5
18/3/2022,1325,0.4225,-29.11,352,39.1,-39.5
21/3/2022,1325,0.4155,-1.52,349,39.15,-37.5
22/3/2022,1305,0.4155,0.09,344,38.4,-35.5
23/3/2022,1320,0.4155,2.07,371,37.7,-33
24/3/2022,1320,0.3865,-9.1,357,36.15,-40
25/3/2022,1340,0.3765,-8.64,361,34.75,-36.5
28/3/2022,1350,0.3685,-12.21,371,34.55,-35
29/3/2022,1340,0.3685,-13.89,389,32.75,-32.5
30/3/2022,1345,0.3665,-33.15,374,29.6,-32.5
31/3/2022,1345,0.307,-38.52,383,28.4,-40.5
1/4/2022,1350,0.3,-37.42,390,26.9,-40
2/4/2022,1350,0.3,,,26.9,-46.5
4/4/2022,,0.3,,,26.9,
5/4/2022,,0.3,,,26.9,
6/4/2022,1350,0.3,-21.92,398,26.35,-33
7/4/2022,1335,0.306,-15.12,396,27.4,-35
8/4/2022,1335,0.3125,-13.21,368,27.9,-35
11/4/2022,1300,0.3125,-18.1,313,27.2,-32.5
12/4/2022,1320,0.3125,-16.93,331,26.75,-38
13/4/2022,1310,0.296,-6.77,312,27.05,-23
14/4/2022,1320,0.296,-19.32,338,27.7,-24.5
15/4/2022,1330,0.296,-19.2,346,27.25,-29.5
18/4/2022,1330,0.296,-15.06,323,27.1,-28.5
19/4/2022,1310,0.296,-8.9,334,26.4,-25.5
20/4/2022,1315,0.296,-19.52,355,26.05,-23
21/4/2022,1315,0.296,-7.19,335,25.2,-21
22/4/2022,1315,0.3,-21.03,322,25.1,-27.5
24/4/2022,1275,0.3,,,25.1,-13
25/4/2022,1235,0.29,3.47,322,24.7,-9
26/4/2022,1270,0.29,-13.01,323,24.15,-5
27/4/2022,1270,0.29,-25.46,320,24.2,-5.5
28/4/2022,1270,0.29,-22.66,313,24.1,-10.5
29/4/2022,1290,0.29,-36.01,307,19.45,-14
4/5/2022,,0.29,,,19.45,
5/5/2022,1290,0.29,-14,325,19.55,-5
6/5/2022,1270,0.2765,-16.45,296,19.55,-3
7/5/2022,1270,0.2765,,,19.85,-1
9/5/2022,1270,0.2655,31.35,309,19.4,1.5
10/5/2022,1256,0.2655,29.9,292,19.55,8
11/5/2022,1280,0.2655,21.35,313,17,3.5
12/5/2022,1263,0.296,26.05,291,16.1,-7
13/5/2022,1283,0.296,18.51,310,15.8,-9
16/5/2022,1300,0.296,27.07,270,15.5,2
17/5/2022,1284,0.296,29.9,268,15.3,1.5
18/5/2022,1260,0.296,25.71,267,14.95,4.5
19/5/2022,1266,0.296,24.78,262,14.8,-0.5
20/5/2022,1290,0.3355,-1.96,252,14.2,-1.5
23/5/2022,1290,0.3355,24.74,203,14.6,2.5
24/5/2022,1270,0.356,26.79,187,15,3
25/5/2022,1270,0.34,31.34,178,15.15,3
26/5/2022,1266,0.3315,9.21,216,15.5,-2.5
27/5/2022,1288,0.3315,12.96,217,15.25,-1.5
30/5/2022,1293,0.3315,27.86,208,14.55,0
31/5/2022,1306,0.3315,35.75,217,14.45,-2
1/6/2022,1300,0.3195,38.33,232,14.1,6
2/6/2022,1311,0.3095,-6.88,224,13.3,-3.5
3/6/2022,,0.3095,,,13.3,
6/6/2022,1313,0.291,-17.36,220,13,2.5
7/6/2022,1313,0.2835,-2.78,196,12.85,3.5
8/6/2022,1310,0.2565,-14.52,191,12.85,4.5
9/6/2022,1310,0.2135,2.71,195,12.6,13
10/6/2022,1306,0.206,3.58,185,12.45,15
13/6/2022,1290,0.2,30.71,141,12.7,19.5
14/6/2022,1285,0.2,34.12,74,13.15,22
15/6/2022,1263,0.2,40.72,39,13.35,30.5
16/6/2022,1258,0.1665,43.18,27,13.6,27.5
17/6/2022,1243,0.151,76.24,-9,13.1,43.5
20/6/2022,1190,0.151,78.57,-50,13.2,52
21/6/2022,1200,0.151,49.17,24,13.25,56
22/6/2022,1199,0.097,46.73,2,13.25,48
23/6/2022,1215,0.094,23.38,28,12.6,22
24/6/2022,1215,0.094,41.98,24,12.6,32.5
27/6/2022,1230,0.094,31.68,14,12.6,28.5
28/6/2022,1235,0.094,13.27,34,12.6,8.5
29/6/2022,1235,0.1075,20.75,23,12.75,9.5
30/6/2022,1229,0.1075,32.64,46,12.75,11.5
1/7/2022,1214,0.1295,15.57,65,13.45,20.5
4/7/2022,1185,0.1295,41.89,31,12.45,28.5
5/7/2022,1194,0.1295,34.12,50,12.45,17
6/7/2022,1194,0.1105,43.92,56,11.85,12.5
7/7/2022,1194,0.104,36.47,74,11.5,7.5
8/7/2022,1194,0.104,29.94,57,11.3,3
11/7/2022,1190,0.104,38.81,16,11.3,8
12/7/2022,1162,0.104,35.81,10,11,12.5
13/7/2022,1210,0.1,23.45,-19,10.2,7.5
14/7/2022,1187,0.1,62.91,25,10.25,13
15/7/2022,1126,0.0725,18.02,-15,10.3,15
18/7/2022,1145,0.0725,9.56,85,9.3,4.5
19/7/2022,1135,0.0725,12.48,119,9.15,3.5
20/7/2022,1135,0.0725,2.97,194,8.85,7
21/7/2022,1093,0.0705,-7.84,163,8.85,5
22/7/2022,1071,0.058,-1.71,217,8.25,-0.5
25/7/2022,1071,0.044,0.85,187,8,2.5
26/7/2022,1075,0.05,-29.88,197,7.5,-12
27/7/2022,1075,0.05,-49.13,187,8.1,-16.5
28/7/2022,1080,0.0675,-37.2,204,7.65,-25
29/7/2022,1080,0.0675,-25.52,253,7.05,-18
1/8/2022,1080,0.086,7.18,359,7.05,-4.5
2/8/2022,1090,0.108,6.31,354,7.05,-8.5
3/8/2022,1075,0.108,10.67,360,7.05,3.5
4/8/2022,1050,0.104,0.62,362,7.05,-8
5/8/2022,1070,0.104,11.37,358,7.05,-13
8/8/2022,1071,0.104,7.39,330,7.05,-7.5
9/8/2022,1059,0.104,8.41,308,6.7,-10
10/8/2022,1059,0.098,7.98,274,6.7,-10
11/8/2022,1059,0.098,6.58,256,6.7,-10.5
12/8/2022,1059,0.098,9.39,267,6.7,-12.5
15/8/2022,1050,0.098,28,288,6.7,-9
16/8/2022,1050,0.098,33.28,290,6.7,-9
17/8/2022,1040,0.104,27.23,234,6.7,-2
18/8/2022,1040,0.104,30.7,243,6.7,-0.5
19/8/2022,1040,0.104,16.82,226,6.7,2.5
22/8/2022,1040,0.101,24.45,220,6.7,1
23/8/2022,1050,0.101,12.17,216,6.7,-2
24/8/2022,1050,0.101,12.61,212,6.7,1
25/8/2022,1050,0.101,10.59,218,6.7,-2.5
26/8/2022,1070,0.101,13.53,206,6.7,0.5
29/8/2022,1060,0.101,16.18,156,6.7,0.5
30/8/2022,1050,0.098,27.52,116,6.7,8
31/8/2022,1055,0.098,12.98,119,6.7,4
1/9/2022,1050,0.097,38.38,113,6.1,6
2/9/2022,1050,0.097,28.56,108,6.1,-0.5
5/9/2022,1070,0.097,24.23,132,6.05,-3.5
6/9/2022,1063,0.097,26.5,122,6.05,-3.5
7/9/2022,1050,0.097,24.3,126,6.05,1
8/9/2022,1060,0.097,13.48,118,6.05,-3
9/9/2022,1070,0.0935,-0.76,124,6.05,-3.5
12/9/2022,,0.0935,,,6.05,
13/9/2022,1075,0.094,6.15,122,6.05,0.5
14/9/2022,1073,0.094,17.76,116,6.05,5
15/9/2022,1060,0.105,19.12,95,6.05,5.5
16/9/2022,1060,0.105,28.15,98,6.05,7
19/9/2022,1060,0.105,30.38,92,6.05,6
20/9/2022,1050,0.105,28.53,91,6.05,10
21/9/2022,1047,0.105,24.33,84,6.05,6
22/9/2022,1050,0.105,11.59,91,6.55,11.5
23/9/2022,1050,0.105,13.32,100,6.55,11
26/9/2022,1050,0.14,11.07,87,6.55,19.5
27/9/2022,1045,0.165,1.56,119,6.55,18
28/9/2022,1045,0.193,4.71,120,6.55,22.5
29/9/2022,1045,0.193,4.08,121,6.55,14.5
30/9/2022,1045,0.193,10.18,128,6.55,8.5
3/10/2022,,0.193,,,6.55,
4/10/2022,,0.193,,,6.55,
5/10/2022,,0.193,,,6.55,
6/10/2022,,0.193,,,6.55,
7/10/2022,,0.193,,,6.55,
8/10/2022,1050,0.193,,129,6.55,9.5
9/10/2022,1060,0.193,,78,6.55,7
10/10/2022,1075,0.193,12.78,67,6.55,10
11/10/2022,1075,0.2325,-4.53,55,6.55,11.5
12/10/2022,1054,0.24,2.61,44,6.55,15.5
13/10/2022,1042,0.24,10.5,50,6.55,14
14/10/2022,1042,0.24,1.85,48,6.55,12
17/10/2022,1042,0.23,6.84,19,6.55,13.5
18/10/2022,1042,0.23,2.97,0,6.55,13
19/10/2022,1042,0.23,7.73,-5,6.55,9.5
20/10/2022,1031,0.1985,15.64,-20,6.55,17.5
21/10/2022,1031,0.16,11.12,-33,6.55,8
24/10/2022,1031,0.16,15.86,-41,6.55,6
25/10/2022,1031,0.16,16.51,-45,6.55,7.5
26/10/2022,1017,0.16,27.76,-42,6.55,2.5
27/10/2022,994,0.16,54.72,-19,6.55,6
28/10/2022,967,0.16,33.79,-61,6.55,-1
31/10/2022,951,0.1515,33.91,-69,6.55,-1
1/11/2022,951,0.1465,45.42,-51,6.55,1.5
2/11/2022,945,0.1465,24.84,-30,6.55,-2.5
3/11/2022,945,0.1345,9.26,-28,6.55,-4
4/11/2022,950,0.1305,-1.88,-11,6.55,-6
7/11/2022,950,0.1305,5.69,-2,6.55,-6
8/11/2022,954,0.112,0.61,-10,6.55,-10
9/11/2022,954,0.1075,0.48,-18,6.55,-11
10/11/2022,954,0.111,0.78,-8,6.55,-9.5
11/11/2022,964,0.111,-9.01,-14,6.55,-12.5
14/11/2022,964,0.111,6.68,-18,6.5,-12
15/11/2022,964,0.115,6.63,-9,6.5,-13
16/11/2022,964,0.135,-11.74,14,6.5,-14
17/11/2022,964,0.1535,-3.61,0,6.5,-20
18/11/2022,964,0.1535,-6.28,-7,6.5,-16
21/11/2022,964,0.147,5.69,-26,10.8,-19.5
22/11/2022,954,0.147,4.42,-11,11.6,-13
23/11/2022,954,0.147,-8.6,-7,11.6,-19
24/11/2022,954,0.1485,-8.83,-47,12.65,-16
25/11/2022,954,0.149,-25.08,-52,13.35,-25
28/11/2022,954,0.148,-16.75,-58,12.9,-21.5
29/11/2022,969,0.1545,-18.02,-79,12.9,-19.5
30/11/2022,969,0.1545,-18.28,-88,12.9,-23
1/12/2022,969,0.1545,-34.93,-101,11.6,-23.5
2/12/2022,979,0.1585,-45.83,-111,11.6,-24
5/12/2022,990,0.1585,-38.33,-127,10.95,-19
6/12/2022,990,0.1585,-24.43,-124,10.95,-18
7/12/2022,980,0.1335,-19.17,-143,10.95,-21
8/12/2022,990,0.1335,-29.48,-137,10.95,-25.5
9/12/2022,1000,0.1335,-14.01,-143,10.65,-27.5
12/12/2022,990,0.1335,-7.67,-102,10,-25.5
13/12/2022,990,0.134,-9.82,-105,9.9,-29
14/12/2022,990,0.135,-13.02,-105,9.45,-34.5
15/12/2022,1000,0.135,-39.03,-69,9.45,-35
16/12/2022,995,0.135,-42.47,-54,9.6,-31.5
19/12/2022,977,0.135,-38.02,-78,9.6,-27
20/12/2022,982,0.135,-28.71,-87,9.6,-27
21/12/2022,996,0.1275,-47.67,-86,9.6,-30
22/12/2022,987,0.123,-33.34,-96,9.2,-31
23/12/2022,989,0.123,-32.58,-90,8.75,-30
26/12/2022,989,0.123,-33.5,-88,8.65,-32
27/12/2022,989,0.115,-34.36,-96,8.05,-29
28/12/2022,989,0.1035,-33.64,-87,8,-30
29/12/2022,989,0.1,-30.53,-96,7.6,-28.5
30/12/2022,989,0.1,-41.56,-78,7.6,-30
3/1/2023,989,0.087,-41.27,-34,7.35,-30.5
4/1/2023,989,0.087,-32.29,-27,7.25,-24.5
5/1/2023,989,0.1045,-31.55,-6,7.25,-23.5
6/1/2023,989,0.1045,-40.89,20,7.25,-24.5
9/1/2023,979,0.1045,-47.4,43,7.25,-23.5
10/1/2023,979,0.1045,-67.73,53,7.25,-22
11/1/2023,979,0.1155,-54.69,65,7.25,-17.5
12/1/2023,979,0.1155,-52.34,55,6.75,-13
13/1/2023,989,0.1155,-41.99,49,6.75,-16
16/1/2023,969,0.112,-22.89,57,6.75,-10
17/1/2023,969,0.112,-34.12,60,6.7,-10
18/1/2023,969,0.112,-38.18,52,6.7,-14
19/1/2023,983,0.112,-38.47,41,6.7,-14.5
20/1/2023,988,0.112,-34.91,30,6.7,-14.5
25/1/2023,,0.112,,,6.7,
26/1/2023,,0.112,,,6.7,
27/1/2023,,0.112,,,6.7,
28/1/2023,1010,0.112,,55,6.7,-9
29/1/2023,1014,0.112,,47,6.7,-11.5
30/1/2023,1014,0.112,-45.49,69,6.7,-7.5
31/1/2023,1014,0.125,-42.12,68,6.7,-4.5
1/2/2023,1014,0.125,-33.44,44,8,-8
2/2/2023,1004,0.1325,-27.02,52,8.85,-3.5
3/2/2023,1014,0.1325,-39.05,50,8.65,-6
6/2/2023,1014,0.133,-38.17,35,9.15,-8
7/2/2023,1014,0.133,-28.06,21,9.15,-5
8/2/2023,1025,0.133,-26.29,15,9.1,-4.5
9/2/2023,1040,0.128,-29.79,18,8.7,-6
10/2/2023,1042,0.128,-34.96,8,8.7,-8
13/2/2023,1027,0.128,-32.54,9,8.55,-3
14/2/2023,1047,0.128,-28.93,4,8.85,-4
15/2/2023,1057,0.128,-27.96,4,8.4,-6
16/2/2023,1060,0.128,-31.1,23,8.4,-3.5
17/2/2023,1065,0.1125,-35.55,33,8.5,-3.5
20/2/2023,1065,0.1075,-46.65,37,8.6,-3
21/2/2023,1075,0.1075,-51.04,46,8.8,-6.5
22/2/2023,1065,0.102,-68.28,61,8.75,-12
23/2/2023,1065,0.097,-67.22,68,9.05,-11
24/2/2023,1065,0.097,-52.98,43,8.55,-8
27/2/2023,1050,0.097,-43.26,49,8.4,-9
28/2/2023,1050,0.097,-42.72,44,8.05,-7
1/3/2023,1060,0.093,-42.44,25,8.05,-15
2/3/2023,1060,0.104,-32.68,36,7.65,-13
3/3/2023,1060,0.104,-26,57,7.5,-14
6/3/2023,1045,0.1175,-33.93,72,7.55,-12
7/3/2023,1055,0.1175,-53.75,77,7.5,-11.5
8/3/2023,1055,0.106,-57.16,74,7.5,-13.5
9/3/2023,1055,0.106,-59.89,69,7.1,-14
10/3/2023,1055,0.093,-69.51,86,7.45,-15
13/3/2023,1075,0.093,-64.88,101,7.55,-16.5
14/3/2023,1075,0.093,-59.09,107,7.2,-13
15/3/2023,1080,0.093,-62.65,99,7.1,-16
16/3/2023,1065,0.1105,-52.95,86,7.1,-17
17/3/2023,1075,0.1105,-58.07,88,7,-12
20/3/2023,1060,0.116,-39.63,79,6.8,-13.5
21/3/2023,1050,0.116,-31.35,69,6.85,-11
22/3/2023,1035,0.116,-33.33,47,6.7,-15
23/3/2023,1020,0.128,-18.08,67,6.6,-11
24/3/2023,1030,0.128,-17.24,70,6.85,-13.5
27/3/2023,1035,0.128,-15.74,45,6.75,-14
28/3/2023,1045,0.128,-16.04,52,6.85,-16
29/3/2023,1050,0.1315,-19.43,39,6.8,-17.5
30/3/2023,1062,0.1325,-26.31,40,6.45,-16
31/3/2023,1062,0.1325,-21.12,48,6.55,-13
3/4/2023,1050,0.1375,-12.97,34,6.85,-16
4/4/2023,1040,0.1475,-7.36,22,6.55,-15
5/4/2023,,0.1475,,,6.55,
6/4/2023,1030,0.151,6.37,-6,6.65,-18.5
7/4/2023,1035,0.151,11.36,12,6.7,-14.5
10/4/2023,1025,0.151,3.61,-32,6.85,-15
11/4/2023,1030,0.151,-17.73,-45,6.65,-16.5
12/4/2023,1025,0.1575,-8.7,-39,6.8,-16
13/4/2023,1015,0.162,-2.93,-61,6.95,-14.5
14/4/2023,1020,0.162,4.92,-49,6.75,-16.5
17/4/2023,1025,0.1605,1.95,-36,6.75,-19
18/4/2023,1030,0.1605,1.85,-23,6.8,-23
19/4/2023,1025,0.1605,-8.64,-35,6.75,-22
20/4/2023,1018,0.1605,-8.86,-40,6.65,-19
21/4/2023,978,0.1535,5.1,-60,6.65,-21.5
23/4/2023,958,0.1535,-13.09,,6.65,-19.5
24/4/2023,948,0.1535,4.84,-66,6.5,-21
25/4/2023,938,0.1535,19.16,-75,6.35,-25.5
26/4/2023,938,0.154,-2.11,-56,6.35,-28.5
27/4/2023,938,0.154,6.99,-71,6.35,-33
28/4/2023,933,0.154,8.86,-64,6.35,-32.5
2/5/2023,,0.154,,,6.35,
3/5/2023,,0.154,,,6.35,
4/5/2023,915,0.1455,19.51,-46,6.05,-24.5
5/5/2023,905,0.1455,17.57,-52,5.9,-20.5
6/5/2023,915,0.1455,30.41,,5.9,-23
8/5/2023,920,0.1455,-28.3,11,5.9,-24.5
9/5/2023,911,0.137,0.62,19,5.9,-21
10/5/2023,911,0.137,-9.89,16,5.9,-20
11/5/2023,896,0.137,-3.76,18,5.9,-13.5
12/5/2023,896,0.137,-9.74,26,5.9,-11.5
15/5/2023,916,0.137,-31.85,34,5.9,-18.5
16/5/2023,916,0.1465,-29.04,30,6.2,-16
17/5/2023,936,0.1465,-32.04,54,6.2,-16.5
18/5/2023,936,0.1465,-25.32,47,6.15,-14
19/5/2023,936,0.125,-26.5,55,6.15,-13.5
22/5/2023,926,0.125,-18.22,30,6,-10.5
23/5/2023,921,0.125,-16.51,39,5.85,-14.5
24/5/2023,901,0.1325,20.73,8,5.85,-7
25/5/2023,900,0.1325,12.82,14,5.85,-5
26/5/2023,920,0.1385,8.15,20,5.85,-14.5
29/5/2023,925,0.1385,-0.32,9,5.85,-16.5
30/5/2023,920,0.141,12.19,-16,6,-13
31/5/2023,920,0.145,-5.87,-11,5.85,-14.5
1/6/2023,930,0.145,5.55,2,5.85,-18
2/6/2023,935,0.145,3.55,29,6,-14
5/6/2023,945,0.147,-0.34,80,6,-16.5
6/6/2023,950,0.142,4.92,71,6.05,-17.5
7/6/2023,950,0.1285,-13.61,56,6.05,-17
8/6/2023,965,0.1285,-18.83,48,6.05,-18.5
9/6/2023,980,0.1285,-16.41,59,6.05,-17.5
12/6/2023,970,0.123,-1.55,63,6.05,-17.5
13/6/2023,986,0.117,-3.86,86,6.1,-17
14/6/2023,986,0.117,-13.54,84,6.1,-18.5
15/6/2023,991,0.106,-13.98,77,6.1,-18
16/6/2023,991,0.103,-8.76,102,6.1,-17
19/6/2023,991,0.095,-17.79,107,6.1,-18.5
20/6/2023,991,0.0855,-11.99,89,6.1,-18
21/6/2023,987,0.083,0.56,83,6.1,-15
22/6/2023,,0.083,,,6.1,
23/6/2023,,0.083,,,6.1,
25/6/2023,980,0.083,4.74,56,6.05,-19
26/6/2023,980,0.083,1.28,40,6,-16.5
27/6/2023,1005,0.0935,3.62,53,6,-20.5
28/6/2023,1005,0.0935,-4.46,37,7.15,-19.5
29/6/2023,1015,0.0935,3.08,32,6.45,-7.5
30/6/2023,1015,0.102,16,54,6.55,-1.5
3/7/2023,1015,0.113,17.85,45,6.25,-0.5
4/7/2023,1015,0.113,15.3,57,6.25,0
5/7/2023,1015,0.117,2.57,47,6.25,0
6/7/2023,1015,0.112,3.43,46,6.05,-2.5
7/7/2023,1013,0.112,9.82,23,5.9,4.5
10/7/2023,1008,0.112,24.99,2,5.5,14.5
11/7/2023,1013,0.127,14.22,0,5.4,8.5
12/7/2023,1025,0.1375,13.07,-5,5.5,4.5
13/7/2023,1025,0.1375,15.03,-9,5.65,5.5
14/7/2023,1035,0.1455,-5.72,-6,5.65,2
17/7/2023,1030,0.1455,-1.65,-20,5.55,4
18/7/2023,1035,0.1455,-4.3,-32,5.4,2.5
19/7/2023,1030,0.1455,1.84,-33,5.4,3
20/7/2023,1040,0.1455,-12.72,-26,5.4,-2.5
21/7/2023,1035,0.1475,2.17,-10,5.4,-7.5
24/7/2023,1035,0.1475,7.87,-3,5.4,-6
25/7/2023,1045,0.142,4.93,8,5.4,-10
26/7/2023,1055,0.142,11.37,2,5.4,-14.5
27/7/2023,1040,0.138,24.14,12,5.4,-18
28/7/2023,1025,0.14,38.94,10,5.4,-15.5
31/7/2023,1028,0.14,27.89,7,5.4,-18
1/8/2023,1028,0.1435,36.09,-1,5.4,-18.5
2/8/2023,1018,0.1435,43.64,-2,5.45,-17.5
3/8/2023,1003,0.1365,46.81,-44,5.45,-17
4/8/2023,1008,0.1325,43.8,-64,5.45,-22
7/8/2023,1000,0.1325,46.43,-60,5.45,-15.5
8/8/2023,995,0.1325,52.04,-74,5.45,-17.5
9/8/2023,995,0.1325,46.54,-72,5.45,-16.5
10/8/2023,995,0.1385,41.76,-88,5.45,-14.5
11/8/2023,1000,0.1365,37.96,-95,5.45,-14
14/8/2023,990,0.1365,41.58,-114,5.45,-12.5
15/8/2023,990,0.139,32.8,-101,5.45,-13.5
16/8/2023,990,0.139,25.64,-90,5.45,-13.5
17/8/2023,1000,0.139,10.52,-87,5.5,-19.5
18/8/2023,1000,0.139,3.79,-101,5.6,-26
21/8/2023,1005,0.139,14.11,-130,5.9,-28.5
22/8/2023,1015,0.1325,4.8,-124,6.05,-41.5
23/8/2023,1015,0.1325,-10.91,-128,6.15,-38
24/8/2023,1005,0.129,-10.02,-125,6.15,-36.5
25/8/2023,1010,0.129,-15.8,-107,6.15,-34.5
28/8/2023,1005,0.1275,-11.13,-134,6.15,-37.5
29/8/2023,1005,0.1275,-7.96,-129,6.15,-38
30/8/2023,1010,0.124,-7.05,-128,6.15,-38.5
31/8/2023,1020,0.124,-4.88,-133,6.15,-45.5
1/9/2023,1020,0.124,1.76,-109,6.15,-41.5
4/9/2023,1027,0.124,1.67,-90,6.15,-37
5/9/2023,1030,0.145,3.81,-85,6.15,-28
6/9/2023,1030,0.145,-15.49,-95,6.15,-30.5
7/9/2023,1025,0.145,-18.02,-103,6.15,-30.5
8/9/2023,1025,0.158,-6.83,-110,6.15,-27.5
11/9/2023,1045,0.1675,-19.24,-117,6.55,-30.5
12/9/2023,1050,0.1675,-11.39,-108,6.55,-26.5
13/9/2023,1050,0.1675,-13.74,-117,6.8,-24.5
14/9/2023,1055,0.1675,-11.57,-118,6.8,-25
15/9/2023,1075,0.1675,10.63,-117,6.95,-12.5
18/9/2023,1067,0.1675,4.63,-99,7.05,-10
19/9/2023,1075,0.1675,12.78,-92,7.35,-3
20/9/2023,1085,0.1675,10.92,-119,7.45,-2
21/9/2023,1085,0.1685,36.66,-155,7.55,-2
22/9/2023,1100,0.1825,25.18,-158,7.65,-2.5
25/9/2023,1095,0.1825,34.63,-187,7.7,-6.5
26/9/2023,1095,0.197,38.78,-189,7.75,-4.5
27/9/2023,1100,0.208,34.08,-227,7.75,-5.5
28/9/2023,1105,0.208,22.84,-228,7.75,-8
29/9/2023,,0.208,,,7.75,
2/10/2023,,0.208,,,7.75,
3/10/2023,,0.208,,,7.75,
4/10/2023,,0.208,,,7.75,
5/10/2023,,0.208,,,7.75,
6/10/2023,,0.208,,,7.75,
7/10/2023,1105,0.208,39.16,-234,8.05,-1
8/10/2023,1105,0.208,36.89,-238,8.05,-0.5
9/10/2023,1090,0.208,46.71,-241,8.15,2
10/10/2023,1090,0.2245,42.87,-240,8.2,-1
11/10/2023,1100,0.2245,29.71,-247,8.2,2.5
12/10/2023,1100,0.2245,19.18,-246,8,-8.5
13/10/2023,1100,0.2245,12.03,-248,8.1,-7.5
16/10/2023,1110,0.2245,7.92,-242,8.1,-9.5
17/10/2023,1113,0.2245,11.87,-237,8.1,-9.5
18/10/2023,1110,0.233,16.27,-248,8.2,-10
19/10/2023,1115,0.233,15.75,-234,8.3,-14.5
20/10/2023,1095,0.235,18.27,-235,8.3,-6
23/10/2023,1090,0.236,14.24,-214,8.25,-9
24/10/2023,1105,0.236,8.94,-201,8.25,-17
25/10/2023,1110,0.236,12,-212,8.3,-15.5
26/10/2023,1110,0.236,15.61,-204,8.2,-15.5
27/10/2023,1115,0.236,-1.47,-187,8.2,-21
30/10/2023,1120,0.236,-13.51,-183,8.2,-24.5
31/10/2023,1120,0.236,-7.84,-155,8.2,-26
1/11/2023,1130,0.236,-12.54,-157,8.35,-31
2/11/2023,1130,0.2395,-17.19,-150,8.35,-26.5
3/11/2023,1130,0.2395,-22,-123,8.35,-26
6/11/2023,1130,0.2395,-23.74,-90,8.5,-26
7/11/2023,1130,0.2395,-18.44,-92,8.75,-24.5
8/11/2023,1130,0.24,-26.39,-92,8.75,-26
9/11/2023,1130,0.241,-24.33,-80,9.15,-23
10/11/2023,1140,0.241,-23.71,-80,9.2,-25.5
13/11/2023,1142,0.241,-22.35,-80,9.6,-25.5
14/11/2023,1142,0.241,-24.75,-82,9.6,-26
15/11/2023,1145,0.2355,-10.31,-67,9.6,-22.5
16/11/2023,1142,0.201,-27.72,-40,9.6,-18
17/11/2023,1142,0.201,-4.52,-27,9.6,-9
20/11/2023,1150,0.201,-16.87,-58,9.6,-15.5
21/11/2023,1160,0.201,-16.42,-46,9.65,-16
22/11/2023,1165,0.201,-18.99,-59,9.6,-20
23/11/2023,1160,0.1995,-22.38,-95,9.25,-21
24/11/2023,1163,0.1995,-25.83,-97,9,-15
27/11/2023,1163,0.1995,-18.4,-93,8.85,-14
28/11/2023,1155,0.1875,-11.03,-71,8.8,-9
29/11/2023,1155,0.175,-14.12,-88,8.75,-12.5
30/11/2023,1165,0.175,-12.42,-93,8.8,-15
1/12/2023,1165,0.175,-25.52,-92,8.4,-14
4/12/2023,1160,0.175,-17.34,-108,8.55,-14.5
5/12/2023,1160,0.175,-20.43,-105,8.4,-16.5
6/12/2023,1165,0.175,-31.79,-101,8.3,-17
7/12/2023,1170,0.178,-34.94,-95,8.05,-16.5
8/12/2023,1180,0.178,-36.53,-88,7.7,-18.5
11/12/2023,1175,0.178,-37.53,-86,7.45,-14
12/12/2023,1180,0.178,-35.23,-100,7.4,-16
13/12/2023,1170,0.1665,-32.02,-131,7.4,-18
14/12/2023,1170,0.1665,-30.45,-141,7.4,-18.5
15/12/2023,1165,0.167,-28.84,-148,7.2,-17
18/12/2023,1160,0.167,-25.06,-146,7.35,-19.5
19/12/2023,1160,0.167,-24.45,-155,7.3,-14
20/12/2023,1165,0.173,-24.06,-169,7.3,-15
21/12/2023,1170,0.179,-27.39,-188,7.35,-16.5
22/12/2023,1180,0.179,-30.89,-202,7.25,-18
25/12/2023,1180,0.179,-23.3,-216,7.25,-16
26/12/2023,1180,0.179,-37.98,-212,7.2,-14.5
27/12/2023,1180,0.1795,-31.78,-212,7.2,-12.5
28/12/2023,1175,0.1795,-16.19,-205,7.05,-8
29/12/2023,1175,0.1795,-11.82,-202,7.05,-14.5
2/1/2024,1190,0.197,-10.15,-209,7.15,-11.5
3/1/2024,1195,0.197,-7.89,-223,7,-11.5
4/1/2024,1195,0.19,-3.88,-227,7,-13
5/1/2024,1190,0.19,1.22,-231,7,-11
8/1/2024,1185,0.19,4.1,-233,6.95,-7.5
9/1/2024,1185,0.19,7.89,-240,6.95,-10
10/1/2024,1180,0.19,11.58,-232,6.95,-6.5
11/1/2024,1190,0.184,9.88,-206,6.65,-11
12/1/2024,1180,0.184,17.69,-196,6.65,-6
15/1/2024,1170,0.184,24.41,-196,6.6,-5.5
16/1/2024,1175,0.1675,26.16,-175,6.6,-3.5
17/1/2024,1158,0.1675,26.01,-182,6.6,-1.5
18/1/2024,1168,0.1675,16.08,-169,6.6,-2.5
19/1/2024,1173,0.1675,13.08,-175,6.6,-4
22/1/2024,1164,0.155,9.95,-186,6.6,-7
23/1/2024,1175,0.1515,1,-183,6.6,-8
24/1/2024,1183,0.1515,-10.58,-178,6.6,-6
25/1/2024,1188,0.149,2.89,-189,6.35,-1.5
26/1/2024,1185,0.149,-0.56,-180,6.35,-8
29/1/2024,1190,0.149,-15.53,-192,6.05,-11.5
30/1/2024,1180,0.149,-6.86,-186,5.75,-10
31/1/2024,1163,0.125,-0.27,-162,5.75,-9.5
1/2/2024,1165,0.124,-12.71,-154,5.75,-12.5
2/2/2024,1153,0.124,8.48,-155,5.75,-8.5
4/2/2024,1153,0.124,10.61,,5.75,-9.5
5/2/2024,1130,0.124,0.99,-141,5.45,-11
6/2/2024,1125,0.124,8.46,,5.45,-7.5
7/2/2024,1125,0.124,16.37,,5.45,-7.5
8/2/2024,1135,0.124,14.06,,5.45,-10
9/2/2024,1135,0.124,23.72,,5.45,-10
13/2/2024,,0.124,,,5.45,
14/2/2024,,0.124,,,5.45,
15/2/2024,,0.124,,,5.45,
16/2/2024,,0.124,,,5.45,
18/2/2024,1145,0.124,-1.66,-143,5.45,-17
19/2/2024,1125,0.124,7.86,-162,5.45,-8
20/2/2024,1105,0.124,19.26,-111,4.95,-5.5
21/2/2024,1085,0.124,15.02,-71,4.65,-7
22/2/2024,1085,0.124,14.1,-63,4.65,-5.5
23/2/2024,1091,0.124,11.91,-70,4.6,-7
26/2/2024,1061,0.124,17.15,-51,4.6,-3.5
27/2/2024,1064,0.124,11.93,-24,4.45,-9.5
28/2/2024,1054,0.124,15.66,-27,4.5,-11
29/2/2024,1052,0.124,14.34,-28,4.5,-8.5
1/3/2024,1034,0.124,4.43,-23,4.5,-8
4/3/2024,1046,0.124,4.67,-10,4.4,-16.5
5/3/2024,1037,0.143,-1.48,-37,4.15,-13
6/3/2024,1038,0.143,-6.34,-47,4.15,-13.5
7/3/2024,1038,0.143,-9.32,5,4.15,-17.5
8/3/2024,1023,0.143,-6.67,58,4.15,-12.5
11/3/2024,993,0.143,9.56,50,4.15,-13.5
12/3/2024,989,0.1395,-11.37,83,4.1,-20.5
13/3/2024,956,0.1395,-3.88,91,4.15,-19
14/3/2024,930,0.144,2.58,68,4,-20
15/3/2024,905,0.1415,2.5,66,4,-27
18/3/2024,895,0.1415,-19.38,85,3.75,-39
19/3/2024,910,0.127,-15.22,95,3.55,-41
20/3/2024,905,0.127,-15.23,106,3.55,-40
21/3/2024,927,0.127,-18.8,146,3.55,-36
22/3/2024,922,0.116,-9.6,138,3.55,-36
25/3/2024,920,0.116,-0.7,121,3.55,-28.5
26/3/2024,905,0.1,9.41,85,3.55,-27
27/3/2024,870,0.0575,18.15,91,3.55,-27
28/3/2024,850,0.0575,18.39,108,3.55,-20.5
29/3/2024,840,0.0575,25.2,118,3.55,-18
1/4/2024,853,0.0575,12.09,143,3.55,-27.5
2/4/2024,843,0.0575,12.34,126,3.75,-26.5
3/4/2024,837,0.055,23.36,119,3.75,-26
4/4/2024,,0.055,,,3.75,
5/4/2024,,0.055,,,3.75,
7/4/2024,832,0.055,31.42,129,3.75,-22.5
8/4/2024,875,0.0605,18.47,122,3.75,-31.5
9/4/2024,898,0.0605,13.55,153,3.75,-30
10/4/2024,895,0.0605,9.2,157,3.75,-34.5
11/4/2024,910,0.063,8.26,170,3.75,-29
12/4/2024,935,0.063,6.19,194,3.75,-32.5
15/4/2024,940,0.0635,3.66,174,3.75,-23.5
16/4/2024,940,0.0635,14.24,176,3.75,-19.5
17/4/2024,980,0.0685,7.91,198,3.75,-18
18/4/2024,993,0.0685,9.88,187,3.75,-10.5
19/4/2024,996,0.0685,7.27,204,3.75,-13.5
22/4/2024,993,0.08,7.48,183,3.95,-7.5
23/4/2024,977,0.08,19.09,148,4.15,-8.5
24/4/2024,1015,0.08,3.92,159,4.15,-11
25/4/2024,1008,0.0795,-1.61,154,4.15,-12
26/4/2024,1012,0.0865,2.64,159,4.15,-10.5
28/4/2024,1005,0.0865,-3.45,136,4.15,-8.5
29/4/2024,995,0.0895,2.29,142,4.15,-5.5
30/4/2024,993,0.092,-4.59,138,4.15,-6
2/5/2024,,0.092,,,4.15,
3/5/2024,,0.092,,,4.15,
6/5/2024,1028,0.0955,-7.62,129,4.15,-9
7/5/2024,1015,0.0955,-12.57,126,4.15,-8.5
8/5/2024,995,0.0955,1.15,118,4.15,-8.5
9/5/2024,995,0.092,-7.49,119,4.15,-7.5
10/5/2024,1000,0.092,0.13,111,4.15,-4
11/5/2024,995,0.092,-2,106,4.15,-2.5
13/5/2024,1000,0.1055,-0.76,103,4.15,-8
14/5/2024,990,0.1055,2.04,90,4.15,-4
15/5/2024,975,0.1165,-2.18,96,4.15,-7.5
16/5/2024,995,0.1165,0.2,104,4.15,-10
17/5/2024,1000,0.1165,-3.5,120,4.3,-10.5
20/5/2024,1000,0.1165,-6.08,127,4.3,-4
21/5/2024,1010,0.123,-3.76,137,4.3,-6
22/5/2024,1015,0.123,-0.93,166,4.3,-7
23/5/2024,1003,0.13,19.84,162,4.3,0
24/5/2024,1003,0.13,11.3,172,4.3,2
27/5/2024,1001,0.13,25.62,153,4.3,4
28/5/2024,990,0.13,22.77,142,4.3,6
29/5/2024,998,0.13,25.43,148,4.3,-1.5
30/5/2024,980,0.1485,25.25,144,4.3,10.5
31/5/2024,980,0.1485,18.74,145,4.3,5.5
3/6/2024,962,0.1485,30.61,116,4.3,5
4/6/2024,955,0.1485,43.83,108,4.3,2.5
5/6/2024,936,0.177,42.97,108,4.3,4
6/6/2024,945,0.1615,42.17,109,4.3,3
7/6/2024,945,0.183,42.91,107,5.1,3
10/6/2024,,0.183,,,5.1,
11/6/2024,924,0.194,38.08,93,5.1,-0.5
12/6/2024,912,0.1995,41.3,110,5.35,1
13/6/2024,924,0.207,36.62,120,5.35,1
14/6/2024,935,0.207,31.18,112,5.35,-2.5
17/6/2024,916,0.207,36.64,114,5.35,1.5
18/6/2024,921,0.218,34.46,104,5.35,-1
19/6/2024,924,0.218,30.42,97,5.35,-3
20/6/2024,928,0.205,30.19,87,6.3,-4
21/6/2024,920,0.205,33.15,71,6.3,-6
24/6/2024,908,0.205,32.73,60,6.3,-4.5
25/6/2024,910,0.205,28.32,54,6.3,-6.5
26/6/2024,931,0.205,28.28,52,6.3,-6.5
27/6/2024,920,0.205,32.1,23,6.3,-5.5
28/6/2024,930,0.205,29.88,29,6.3,-2
1/7/2024,942,0.205,15.17,20,6.7,-3
2/7/2024,945,0.205,16.79,13,6.8,-4.5
3/7/2024,967,0.2,10.22,27,6.8,-6
4/7/2024,968,0.21,-0.83,30,7,-6
5/7/2024,950,0.2005,17.03,15,7,-5
8/7/2024,940,0.2005,10.28,-1,7,-7
9/7/2024,945,0.2005,18.48,-6,7,-4
10/7/2024,932,0.2005,31.73,-15,7,-5
11/7/2024,941,0.2005,24.02,-4,7,1.5
12/7/2024,941,0.2005,13.33,-1,7.05,2.5
15/7/2024,945,0.2005,18.46,25,6.7,5
16/7/2024,945,0.2005,24.92,22,6.75,6.5
17/7/2024,920,0.2005,24.4,1,6.5,8
18/7/2024,925,0.2005,24.99,-6,6.5,6.5
19/7/2024,920,0.185,27.66,-17,6.3,7.5
22/7/2024,915,0.185,29.82,-41,6.3,12
23/7/2024,890,0.185,29.52,-70,6.3,14
24/7/2024,894,0.174,25.5,-80,6.3,11.5
25/7/2024,885,0.174,22.53,-108,6.3,12.5
26/7/2024,900,0.1775,22.37,-104,6.3,14
29/7/2024,895,0.1775,27.53,-120,6.3,16.5
30/7/2024,875,0.1705,22.65,-127,6.3,17
31/7/2024,890,0.1705,22.78,-115,6.45,17.5
1/8/2024,900,0.1715,23.59,-130,6.6,15.5
2/8/2024,910,0.1715,24.07,-109,6.6,13
5/8/2024,909,0.1725,35.3,-99,6.6,14.5
6/8/2024,902,0.1725,33.51,-120,6.8,11.5
7/8/2024,890,0.1725,31.39,-112,6.8,12
8/8/2024,864,0.1745,26.55,-118,6.8,4
9/8/2024,873,0.1745,26.51,-107,6.8,7
12/8/2024,875,0.1745,25.16,-126,6.8,3
13/8/2024,870,0.1745,30.94,-157,6.8,4.5
14/8/2024,850,0.17,39.29,-162,6.8,11
15/8/2024,832,0.17,24.52,-142,6.8,9.5
16/8/2024,820,0.166,29.96,-114,6.8,14
19/8/2024,828,0.166,22.77,-85,6.8,13.5
20/8/2024,828,0.1585,18.89,-80,6.8,13
21/8/2024,850,0.1585,29.11,-50,6.8,16.5
22/8/2024,839,0.144,34.24,-47,6.8,16
23/8/2024,839,0.147,22.83,-41,7.2,16.5
26/8/2024,860,0.147,21.76,-5,7.35,12.5
27/8/2024,868,0.1485,15.16,5,7.35,11
28/8/2024,860,0.152,17.35,13,7.35,10
29/8/2024,865,0.152,15.8,22,7.35,11
30/8/2024,858,0.152,20.43,27,7.35,9.5
2/9/2024,835,0.152,21.12,38,7.35,9.5
3/9/2024,815,0.152,28.28,45,7.35,9.5
4/9/2024,810,0.149,26.3,45,7.35,5.5
5/9/2024,800,0.149,34.89,52,7.15,5.5
6/9/2024,803,0.1455,33.38,30,7.15,4.5
9/9/2024,800,0.131,32.69,38,7.15,5.5
10/9/2024,790,0.131,31.5,57,7.15,3.5
11/9/2024,813,0.125,27.69,102,7.15,4
12/9/2024,820,0.113,16.61,126,7.1,4
13/9/2024,811,0.113,20.54,127,7.1,4.5
14/9/2024,810,0.113,,,7.1,3.5
16/9/2024,,0.113,,,7.1,
17/9/2024,,0.113,,,7.1,
18/9/2024,790,0.1055,26.08,142,7.1,5.5
19/9/2024,803,0.108,23.48,168,7.1,2
20/9/2024,800,0.108,23.74,149,7.1,8.5
23/9/2024,778,0.108,28.46,138,7.1,17
24/9/2024,808,0.108,16.4,163,7.1,12
25/9/2024,820,0.1145,9.85,172,7.1,13
26/9/2024,838,0.1145,5.03,201,7.1,14
27/9/2024,855,0.1145,1.19,231,7.1,12
29/9/2024,890,0.1145,,,7.1,7.5
30/9/2024,930,0.126,-19.08,500,7.1,8
1/10/2024,,0.126,,,7.1,
2/10/2024,,0.126,,,7.1,
3/10/2024,,0.126,,,7.1,
4/10/2024,,0.126,,,7.1,
7/10/2024,,0.126,,,7.1,
8/10/2024,900,0.132,-0.23,468,7.1,9
9/10/2024,900,0.132,-3.21,446,7.1,12
10/10/2024,900,0.132,-3.43,424,7.1,9.5
11/10/2024,910,0.132,-4.06,392,7.1,15.5
12/10/2024,930,0.132,,,7.1,15
14/10/2024,920,0.132,6.59,408,7.1,14
15/10/2024,912,0.145,11.12,382,7.1,14
16/10/2024,901,0.145,-1.16,350,7.1,12
17/10/2024,870,0.1385,7.83,282,7.1,19.5
18/10/2024,880,0.1385,9.59,278,7.1,14
21/10/2024,888,0.138,14.94,247,7.1,16.5
22/10/2024,880,0.137,13.5,227,7.1,17
23/10/2024,865,0.137,17.94,202,7.1,20
24/10/2024,865,0.137,21.38,202,7.1,17
25/10/2024,880,0.137,16.03,193,7.1,13.5
28/10/2024,890,0.137,-2.82,228,7.1,13
29/10/2024,885,0.137,-8.64,213,7.1,12
30/10/2024,889,0.134,-5.47,203,7.1,12.5
31/10/2024,890,0.134,-6.34,192,7.1,10
1/11/2024,880,0.134,-8.37,181,7.1,10.5
4/11/2024,890,0.134,-12.46,158,7.1,9
5/11/2024,896,0.131,-16.27,169,7,5
6/11/2024,885,0.131,-11.81,149,7,8
7/11/2024,900,0.131,-14.04,149,7,7.5
8/11/2024,878,0.131,-6.77,142,7,10.5
11/11/2024,870,0.131,-11.93,146,7,7
12/11/2024,875,0.131,-6.89,107,7,8
13/11/2024,867,0.131,-11.29,114,7,7
14/11/2024,859,0.1295,5.47,97,7,10
15/11/2024,845,0.1295,-2.49,65,7,8.5
18/11/2024,863,0.1295,4.18,53,7,10.5
19/11/2024,873,0.1295,0.56,67,7,6.5
20/11/2024,872,0.1295,-1.24,59,7,5.5
21/11/2024,878,0.134,-6.45,64,7,6
22/11/2024,870,0.134,-3.58,47,7,7
25/11/2024,880,0.134,-8.5,37,7,3.5
26/11/2024,882,0.134,-8.15,30,7,3
27/11/2024,888,0.134,-10.76,27,7,5
28/11/2024,883,0.138,-13.18,16,7.15,6.5
29/11/2024,895,0.138,-3.2,31,7.35,7.5
2/12/2024,902,0.138,-0.53,46,7.35,9
3/12/2024,905,0.1345,-2.4,48,7.55,8
4/12/2024,905,0.1345,-2.37,43,7.55,9.5
5/12/2024,893,0.1345,0.27,35,7.55,9
6/12/2024,890,0.1345,7.13,46,7.9,9.5
9/12/2024,900,0.1345,-2.83,38,8.1,3.5
10/12/2024,910,0.1345,1.09,66,8.1,8
11/12/2024,900,0.1375,5.6,85,8.1,8.5
12/12/2024,908,0.1375,2.51,105,8.1,6
13/12/2024,900,0.1375,9.05,84,8.45,6.5
16/12/2024,900,0.1375,1,84,8.45,3.5
17/12/2024,898,0.1375,1.63,82,8.45,5.5
18/12/2024,885,0.1325,8.46,87,8.45,8
19/12/2024,884,0.1325,10.44,80,8.45,5
20/12/2024,875,0.1325,15.02,82,8.45,8.5
23/12/2024,885,0.137,14.16,90,8.45,7
24/12/2024,880,0.137,19.83,96,8.45,6.5
25/12/2024,877,0.137,17.91,97,8.45,5.5
26/12/2024,878,0.137,16.07,98,8.45,5.5
27/12/2024,863,0.137,19.57,98,8.45,3.5
30/12/2024,877,0.134,21.29,115,8.45,6.5
31/12/2024,878,0.134,18.47,106,8.45,0
2/1/2025,880,0.134,16.66,109,8.45,-1
3/1/2025,860,0.134,23.86,103,8.45,-2
6/1/2025,855,0.141,28.45,98,8.45,0.5
7/1/2025,855,0.1385,28.04,99,8.45,0.5
8/1/2025,845,0.1385,23.32,94,8.45,-0.5
9/1/2025,857,0.1385,25.6,90,8.45,-0.5
10/1/2025,856,0.1385,25.55,76,8.45,-2.5
13/1/2025,870,0.1415,30.91,77,8.45,0.5
14/1/2025,877,0.1415,29.03,79,8.45,-2
15/1/2025,877,0.1415,23.48,83,8.45,-3
16/1/2025,887,0.1415,17.56,83,8.45,-2
17/1/2025,895,0.1415,9.12,90,8.45,-2.5
20/1/2025,890,0.1415,6.9,92,8.45,-4.5
21/1/2025,892,0.1415,9.44,105,8.45,-6
22/1/2025,890,0.1415,13.84,114,8.45,-7.5
23/1/2025,890,0.144,13.57,110,8.45,-6.5
24/1/2025,895,0.144,6.92,111,8.45,-6
26/1/2025,895,0.144,,111,8.45,-5.5
27/1/2025,895,0.144,11.12,111,8.45,-5.5
28/1/2025,,0.144,,,8.45,
31/1/2025,,0.144,,,8.45,
3/2/2025,,0.144,,,8.45,
4/2/2025,,0.144,,,8.45,
5/2/2025,890,0.144,16.27,108,8,-2
6/2/2025,905,0.149,11.9,123,8,-5.5
7/2/2025,905,0.149,3.93,105,8,-7.5
8/2/2025,910,0.149,,105,8,-10
10/2/2025,910,0.149,3.24,101,8,-11
11/2/2025,902,0.149,2.45,100,7.7,-10
12/2/2025,913,0.149,-1.41,92,7.7,-14
13/2/2025,898,0.149,-2.44,73,7.7,-10.5
14/2/2025,900,0.149,-2.04,83,7.7,-15.5
17/2/2025,905,0.149,-9.45,84,7.7,-10
18/2/2025,913,0.149,-11.65,95,7.7,-12.5
19/2/2025,914,0.149,-9.97,106,7.7,-12
20/2/2025,920,0.149,-0.49,111,7.7,-9.5
21/2/2025,921,0.149,-0.65,114,7.7,-13.5
24/2/2025,915,0.149,-9.56,102,7.7,-16
25/2/2025,900,0.149,-6.03,78,7.7,-15
26/2/2025,899,0.147,-6.98,108,7.4,-15
27/2/2025,890,0.147,-6.03,127,7.2,-14.5
28/2/2025,885,0.147,4.79,122,7.2,-14
3/3/2025,865,0.147,11.78,137,7.1,-12
4/3/2025,865,0.147,9.55,139,7.1,-10.5
5/3/2025,862,0.1405,3.91,125,7.1,-8.5
6/3/2025,860,0.1405,-2.12,137,7.1,-11.5
7/3/2025,856,0.1405,-1.83,138,7.1,-9.5
10/3/2025,853,0.1405,-10.81,108,7.1,-11
11/3/2025,857,0.1405,-7.14,104,7.1,-10.5
12/3/2025,854,0.1405,-3.17,92,7.1,-12
13/3/2025,859,0.1405,-10.11,115,7.1,-15
14/3/2025,873,0.141,-4.45,121,7.1,-15
17/3/2025,859,0.141,-5.16,115,7.1,-13.5
18/3/2025,859,0.141,-12.56,101,6.8,-16
19/3/2025,845,0.141,-17.58,99,6.8,-15
20/3/2025,842,0.144,-13.61,101,6.8,-14.5
21/3/2025,840,0.144,-15.46,104,6.8,-14.5
24/3/2025,855,0.144,-14.23,117,6.8,-15.5
25/3/2025,850,0.144,-5.37,130,6.8,-16
26/3/2025,855,0.1445,-13.93,130,6.8,-24
27/3/2025,860,0.1465,-16.88,115,6.8,-23
28/3/2025,855,0.1465,-12.62,107,6.8,-20
31/3/2025,845,0.1465,-9.42,103,6.8,-17
1/4/2025,860,0.142,-2.92,119,6.8,-19
2/4/2025,859,0.142,-2.39,118,6.8,-20
3/4/2025,856,0.142,-2.2,118,6.8,-21
4/4/2025,,0.142,,,6.8,
7/4/2025,840,0.141,-2.98,103,6.8,-23.5
8/4/2025,821,0.141,2.31,85,6.65,-25.5
9/4/2025,805,0.141,-2.13,110,6.65,-23
10/4/2025,820,0.141,-1.79,105,6.65,-25
11/4/2025,820,0.141,-17.27,108,6.65,-25
14/4/2025,820,0.141,-16.75,108,6.65,-26.5
15/4/2025,825,0.141,-17.83,99,6.65,-28
16/4/2025,820,0.14,-17.97,73,6.65,-28
17/4/2025,820,0.14,-16.57,68,6.45,-27
18/4/2025,811,0.14,-22.35,73,6.45,-26.5
21/4/2025,825,0.14,-11.51,79,6.45,-25.5
22/4/2025,823,0.14,-13.23,78,6.45,-25
23/4/2025,828,0.1435,-20.76,81,6.45,-25.5
24/4/2025,825,0.149,-25.6,93,6.45,-22.5
25/4/2025,822,0.15,-23.84,98,6.45,-21.5
27/4/2025,818,0.15,-19,,6.45,-19.5
28/4/2025,818,0.15,-21.34,144,6.45,-22.5
29/4/2025,816,0.151,-22.09,128,6.45,-22
30/4/2025,813,0.151,-10.82,120,6.45,-21.5
2/5/2025,,0.151,,,6.45,
5/5/2025,,0.151,,,6.45,
6/5/2025,825,0.151,-12.52,108,6.45,-22
7/5/2025,825,0.154,-8.63,102,6.45,-23
8/5/2025,808,0.154,-5.31,101,6.45,-24
9/5/2025,806,0.154,-9.13,90,6.45,-25
12/5/2025,824,0.154,-13.41,94,6.45,-24
13/5/2025,820,0.154,-12.31,97,6.45,-23.5
14/5/2025,835,0.151,-11.63,106,6.45,-21
15/5/2025,830,0.151,-13.24,106,6.45,-19.5
16/5/2025,820,0.151,-6.76,103,6.45,-17
19/5/2025,816,0.153,-7.52,106,6.45,-18
20/5/2025,818,0.153,-5.81,94,6.45,-21
21/5/2025,818,0.153,-0.69,93,6.45,-20
22/5/2025,813,0.153,1.59,86,6.25,-19
23/5/2025,805,0.153,8.1,88,6.25,-19.5
26/5/2025,794,0.154,4.08,74,6.25,-16.5
27/5/2025,788,0.154,7.27,73,6.25,-13
28/5/2025,793,0.154,5.79,71,6.25,-13
29/5/2025,800,0.154,7.9,89,6.25,-12.5
30/5/2025,797,0.154,7.63,90,6.25,-11
2/6/2025,,0.154,,,6.25,
3/6/2025,792,0.154,15.2,75,6.25,-9.5
4/6/2025,797,0.157,11.91,79,6.25,-10.5
5/6/2025,794,0.1575,15.89,83,6.25,-6.5
6/6/2025,798,0.16,12.31,99,6.25,-5
9/6/2025,793,0.16,16.96,124,6.25,-3.5
10/6/2025,790,0.1615,13.18,128,6.25,-4
11/6/2025,802,0.16,11.36,136,6.25,-5
12/6/2025,794,0.16,15.67,136,6.25,-5.5
13/6/2025,794,0.16,18.09,135,6.25,-4.5
16/6/2025,788,0.1595,21,142,6.25,-3.5
17/6/2025,785,0.155,21.29,145,6.25,-0.5
18/6/2025,780,0.151,15.02,149,6.25,-3
19/6/2025,780,0.151,13.69,155,6.3,-3.5
20/6/2025,782,0.151,2.6,155,6.3,-5.5
23/6/2025,783,0.1485,-5.46,150,6.3,-6
24/6/2025,780,0.1485,-2.05,158,6.3,-2
25/6/2025,777,0.152,-4.59,156,6.3,-4
26/6/2025,777,0.155,-10.62,150,6.3,-5
27/6/2025,790,0.155,-1.71,145,6.55,-4
30/6/2025,790,0.159,-0.36,156,6.55,-6.5
1/7/2025,782,0.161,1.43,156,6.55,-5
2/7/2025,793,0.162,-2.36,183,6.7,-6
3/7/2025,803,0.162,-6.95,187,6.7,-9
4/7/2025,808,0.1635,-24.47,187,6.7,-9
7/7/2025,805,0.166,-19.34,179,6.7,-10
8/7/2025,805,0.166,-21.88,176,6.7,-10.5
9/7/2025,808,0.169,-27.58,175,6.85,-5.5
10/7/2025,831,0.169,-25.06,185,7.1,-8
11/7/2025,832,0.169,-22.72,196,7.1,-6
14/7/2025,834,0.17,-29.71,187,7.3,-7
15/7/2025,834,0.17,-18.95,184,7.6,-6.5
16/7/2025,839,0.171,-24.37,175,7.7,-4
17/7/2025,847,0.171,-17.68,163,7.7,-7.5
18/7/2025,846,0.171,-13.24,171,7.7,-8
21/7/2025,870,0.171,-15.33,217,7.95,-10
22/7/2025,885,0.174,-18.61,253,8.1,-12.5
23/7/2025,877,0.1765,-19.28,252,8.3,-11
24/7/2025,878,0.1765,-22.83,256,8.3,-14.5
25/7/2025,870,0.1765,-15,282,8.3,-9.5
28/7/2025,858,0.1765,-11.54,241,8.3,-13.5
29/7/2025,867,0.174,-11.05,247,8.3,-11
30/7/2025,860,0.1825,-12.92,252,8.7,-11.5
31/7/2025,851,0.1825,-10.17,227,8.7,-10
1/8/2025,856,0.1825,-28.91,200,8.85,-10
4/8/2025,860,0.1825,-26.59,179,8.85,-11
5/8/2025,870,0.1825,-25.54,162,8.85,-12.5
6/8/2025,868,0.1825,-35.78,176,8.85,-11
7/8/2025,866,0.185,-35.29,177,8.85,-9
8/8/2025,865,0.185,-44.66,158,8.85,-10
11/8/2025,878,0.185,-46.15,162,8.85,-12
12/8/2025,890,0.185,-46.45,175,8.85,-12
13/8/2025,890,,,,,-11
