Date,62 Index,65 Index
2025-08-12,104,121.75
2025-08-11,102.9,121.06
2025-08-08,101.5,119.72
2025-08-07,101.5,119.8
2025-08-06,101.2,119.62
2025-08-05,101.65,118.88
2025-08-04,100.6,117.66
2025-08-01,99.3,116.72
2025-07-31,99.05,115.53
2025-07-30,100.95,117.26
2025-07-29,101.9,118.33
2025-07-28,100.1,115.81
2025-07-25,102.6,118.19
2025-07-24,104.5,119.85
2025-07-23,104,119.36
2025-07-22,104.85,120.4
2025-07-21,102.95,118.14
2025-07-18,100.2,115.3
2025-07-17,100.25,115.37
2025-07-16,99.1,114.37
2025-07-15,98.15,113.88
2025-07-14,98.6,114.3
2025-07-11,98.3,113.04
2025-07-10,98.55,113
2025-07-09,95.3,109.8
2025-07-08,95.2,108.29
2025-07-07,94.9,108.2
2025-07-04,95.7,108.4
2025-07-03,96.3,107.65
2025-07-02,95.1,106.03
2025-07-01,93.15,104.01
2025-06-30,94.15,105.02
2025-06-27,94.4,105.24
2025-06-26,93.3,103.84
2025-06-25,92.75,103.47
2025-06-24,92.95,103.65
2025-06-23,94.15,104.34
2025-06-20,93.8,104
2025-06-19,93.05,102.79
2025-06-18,92.75,102.26
2025-06-17,93.1,102.82
2025-06-16,94.25,104
2025-06-13,94.6,104.39
2025-06-12,94.95,104.54
2025-06-11,95.75,105.25
2025-06-10,94.95,104.34
2025-06-09,95.2,104.5
2025-06-06,96.1,105.26
2025-06-05,95.65,104.56
2025-06-04,96.35,105.2
2025-06-03,95.35,104.69
2025-06-02,96.3,105.85
2025-05-30,96.8,106.73
2025-05-29,97.2,107.23
2025-05-28,96.9,106.73
2025-05-27,96.45,107.11
2025-05-26,97.65,108.26
2025-05-23,98.95,109.52
2025-05-22,99.7,110.61
2025-05-21,100.15,111.01
2025-05-20,100.1,110.98
2025-05-19,100.35,110.85
2025-05-16,101.1,112.41
2025-05-15,102.2,113.68
2025-05-14,102.8,114.24
2025-05-13,101.25,111.92
2025-05-12,#N/A,#N/A
2025-05-09,98.6,109.72
2025-05-08,98,109.38
2025-05-07,99.95,111.01
2025-05-06,99.15,110.2
2025-05-05,98.15,109.39
2025-05-02,96.9,108.75
2025-05-01,#N/A,#N/A
2025-04-30,98.15,109.2
2025-04-29,99.3,111.4
2025-04-28,99.4,111.71
2025-04-25,99.2,111.52
2025-04-24,100.45,112.61
2025-04-23,101.1,113.48
2025-04-22,99.3,111.99
2025-04-21,100.1,112.97
2025-04-18,#N/A,#N/A
2025-04-17,99.9,111.61
2025-04-16,98.95,111.84
2025-04-15,99.95,112.32
2025-04-14,99.45,111.83
2025-04-11,98.35,110.73
2025-04-10,98.35,110.66
2025-04-09,95.75,108.35
2025-04-08,95.65,108.53
2025-04-07,98.85,111.69
2025-04-04,101.8,115.49
2025-04-03,102.95,115.85
2025-04-02,103.9,117.31
2025-04-01,104.1,117.51
2025-03-31,#N/A,#N/A
2025-03-28,103.85,117.19
2025-03-27,104.55,117.26
2025-03-26,103.3,116.08
2025-03-25,102.55,115.51
2025-03-24,103.15,116.19
2025-03-21,101.05,113.97
2025-03-20,101.75,114.7
2025-03-19,101.65,114.48
2025-03-18,103.5,116.28
2025-03-17,103.3,116.04
2025-03-14,105.05,118.15
2025-03-13,103.5,116.07
2025-03-12,101.85,114.48
2025-03-11,101.95,114.54
2025-03-10,101,113.89
2025-03-07,101.9,114.56
2025-03-06,101.3,114.38
2025-03-05,100.4,113.75
2025-03-04,101.95,114.51
2025-03-03,101.05,113.94
2025-02-28,103.9,116.91
2025-02-27,105.85,118.54
2025-02-26,106.85,119.4
2025-02-25,106.85,119.26
2025-02-24,109.1,121.84
2025-02-21,109.35,122.3
2025-02-20,109.5,122.1
2025-02-19,107.6,120.76
2025-02-18,107.6,120.78
2025-02-17,106.35,119.85
2025-02-14,106.8,120.48
2025-02-13,107.15,120.48
2025-02-12,108.6,121.7
2025-02-11,106.55,119.76
2025-02-10,107.7,121.12
2025-02-07,106.75,120.34
2025-02-06,106.5,119.98
2025-02-05,104.4,118.33
2025-02-04,105.45,119.62
2025-02-03,105,119.07
2025-01-31,106,119.72
2025-01-28,104.75,119.21
2025-01-27,104.75,119.31
2025-01-24,105.25,119.31
2025-01-23,103.95,118.26
2025-01-22,103.75,117.82
2025-01-21,104.9,118.95
2025-01-20,104.15,118
2025-01-17,104.15,117.01
2025-01-16,103.05,117.01
2025-01-15,100.9,115.05
2025-01-14,100.7,114.9
2025-01-13,99.2,113.54
2025-01-10,97.6,111.77
2025-01-09,97.5,111.77
2025-01-08,97.1,111.5
2025-01-07,97.25,111.6
2025-01-06,97.05,111.8
2025-01-03,98.8,112.95
2025-01-02,101.05,115.46
2024-12-31,100,114.96
2024-12-30,100.7,114.75
2024-12-27,99.4,113.29
2024-12-26,100.9,115.46
2024-12-25,#N/A,#N/A
2024-12-24,100.6,115.75
2024-12-23,101.55,116.25
2024-12-20,100.9,115.44
2024-12-19,102.05,116.63
2024-12-18,103.4,117.58
2024-12-17,105.35,119.57
2024-12-16,106,119.98
2024-12-13,104.6,118.93
2024-12-12,107.1,121.08
2024-12-11,105.1,120
2024-12-10,105.8,120.62
2024-12-09,106.1,120.51
2024-12-06,103.4,118.81
2024-12-05,104.35,119.2
2024-12-04,106.45,120.98
2024-12-03,106.35,120.7
2024-12-02,105.8,120.13
2024-11-29,105.45,119.88
2024-11-28,104.4,118.88
2024-11-27,104.4,118.9
2024-11-26,103.35,117.43
2024-11-25,102.95,117.27
2024-11-22,101.2,115.88
2024-11-21,102.4,117.38
2024-11-20,101.6,116.34
2024-11-19,101.85,116.36
2024-11-18,99.9,114.72
2024-11-15,96.8,111.99
2024-11-14,98.7,114.1
2024-11-13,100.95,115.93
2024-11-12,101.15,116.19
2024-11-11,101.15,116.74
2024-11-08,102.8,118.77
2024-11-07,105.85,121.86
2024-11-06,104.5,120.35
2024-11-05,105.5,121.4
2024-11-04,104.1,119.82
2024-11-01,102.2,118.1
2024-10-31,#N/A,#N/A
2024-10-30,103.85,119.68
2024-10-29,103.3,118.59
2024-10-28,103.55,118.55
2024-10-25,101.2,115.6
2024-10-24,99.25,113.71
2024-10-23,98.25,113.22
2024-10-22,100,115.06
2024-10-21,101.3,116.55
2024-10-18,101.15,115.77
2024-10-17,99.75,114.05
2024-10-16,104.4,119.6
2024-10-15,105.25,120.18
2024-10-14,107.5,122.02
2024-10-11,106.15,120.72
2024-10-10,104.25,118.92
2024-10-09,104.75,119.33
2024-10-08,104.65,119.39
2024-10-07,109.1,125.05
2024-10-04,108.1,123.49
2024-10-03,108.1,123.67
2024-10-02,108,123.14
2024-10-01,108,123.11
2024-09-30,108.3,126.3
2024-09-27,101.8,114.73
2024-09-26,98.05,111.79
2024-09-25,96.35,109.5
2024-09-24,94.6,107.19
2024-09-23,89.35,102.38
2024-09-20,91.35,104.2
2024-09-19,92.6,104.32
2024-09-18,90.4,102.48
2024-09-17,91.55,104.24
2024-09-16,90.95,104.66
2024-09-13,92.65,105.15
2024-09-12,94.6,107.3
2024-09-11,92.3,104.53
2024-09-10,90.25,102.48
2024-09-09,91.45,103.99
2024-09-06,91.75,103.86
2024-09-05,90.5,103.34
2024-09-04,92.25,104.77
2024-09-03,93.3,106
2024-09-02,96.15,109.4
2024-08-30,100.25,113.65
2024-08-29,101.25,114.8
2024-08-28,100.45,114.14
2024-08-27,101.1,114.81
2024-08-26,100.1,113.74
2024-08-23,96,109.66
2024-08-22,97,110.85
2024-08-21,97.9,112.31
2024-08-20,95.1,109.2
2024-08-19,94.45,108.38
2024-08-16,91.9,105.99
2024-08-15,92.75,107.32
2024-08-14,95.25,110.11
2024-08-13,98.25,113.06
2024-08-12,98.85,114.05
2024-08-09,#N/A,#N/A
2024-08-08,99.3,113.98
2024-08-07,100.6,115.73
2024-08-06,102.3,117.6
2024-08-05,104.1,119.02
2024-08-02,103.55,118.87
2024-08-01,102.3,117.85
2024-07-31,100.95,116.42
2024-07-30,99,114.7
2024-07-29,101.45,117.08
2024-07-26,101.95,117.63
2024-07-25,99.7,115.39
2024-07-24,100.85,116.81
2024-07-23,100.4,116.16
2024-07-22,103.2,119.5
2024-07-19,104.35,120.14
2024-07-18,105.3,121.28
2024-07-17,104.95,120.93
2024-07-16,107.25,123.02
2024-07-15,108.75,125
2024-07-12,108,124.12
2024-07-11,108.15,124.4
2024-07-10,105.5,121.01
2024-07-09,109.6,125.45
2024-07-08,108.65,124.59
2024-07-05,110.5,126.95
2024-07-04,114,130.55
2024-07-03,113.5,129.26
2024-07-02,110.55,126.19
2024-07-01,110.05,125.43
2024-06-28,106.7,123
2024-06-27,105.75,121.23
2024-06-26,106.75,122.48
2024-06-25,103.75,119.16
2024-06-24,102.65,118.7
2024-06-21,105.1,120.65
2024-06-20,106.7,122.19
2024-06-19,107.35,122.72
2024-06-18,106.15,121.9
2024-06-17,#N/A,#N/A
2024-06-14,107.65,122.6
2024-06-13,106.6,121.18
2024-06-12,105.15,119.48
2024-06-11,103.8,118.94
2024-06-10,108.5,122.22
2024-06-07,109.25,124.19
2024-06-06,109.1,123.28
2024-06-05,106.35,121.37
2024-06-04,106.8,122.65
2024-06-03,109.65,125.5
2024-05-31,115.26,130.52
2024-05-30,115.15,130.9
2024-05-29,118.75,132.38
2024-05-28,117.85,131.86
2024-05-27,119,133.63
2024-05-24,120.55,135
2024-05-23,119.5,133.85
2024-05-22,#N/A,#N/A
2024-05-21,120.7,134.85
2024-05-20,118.5,133.92
2024-05-17,118,133.59
2024-05-16,116.9,132.2
2024-05-15,114.15,129.63
2024-05-14,115.05,130.82
2024-05-13,117.25,133.4
2024-05-10,116.6,132.43
2024-05-09,116.25,132.38
2024-05-08,115.35,131.43
2024-05-07,118.75,135.15
2024-05-06,120.2,134.6
2024-05-03,117.05,131.85
2024-05-02,117.15,132.02
2024-04-30,116.75,131.5
2024-04-29,117.1,130.56
2024-04-26,118.15,131.36
2024-04-25,118.9,131.3
2024-04-24,118.85,131.49
2024-04-23,113.65,126.53
2024-04-22,116.85,129.5
2024-04-19,117.5,129.94
2024-04-18,117.8,130.07
2024-04-17,116.6,129
2024-04-16,110.4,122.43
2024-04-15,113.05,125.29
2024-04-12,112,124.79
2024-04-11,108.65,121.2
2024-04-10,#N/A,#N/A
2024-04-09,107.55,119.72
2024-04-08,104.45,116.44
2024-04-05,98.5,110.72
2024-04-04,98.3,110.82
2024-04-03,99.25,111.16
2024-04-02,102.25,114.84
2024-04-01,102.5,114.25
2024-03-29,#N/A,#N/A
2024-03-28,102.8,114.34
2024-03-27,101.3,113.76
2024-03-26,104.2,117.24
2024-03-25,108.8,121.42
2024-03-22,109.1,122.13
2024-03-21,110.65,123.45
2024-03-20,106.5,119.56
2024-03-19,107.9,120.59
2024-03-18,105.25,117.6
2024-03-15,100.2,112.7
2024-03-14,104.35,116.49
2024-03-13,107.15,119.55
2024-03-12,110.3,122.63
2024-03-11,108.4,121.25
2024-03-08,116.65,129.23
2024-03-07,119,130.98
2024-03-06,117.7,129.75
2024-03-05,117.25,128.75
2024-03-04,117.75,129.64
2024-03-01,115.4,127.73
2024-02-29,117.1,129.6
2024-02-28,116.9,129.28
2024-02-27,118.2,130.56
2024-02-26,116,128.5
2024-02-23,121.1,133.59
2024-02-22,120.6,133.26
2024-02-21,120,133.05
2024-02-20,121.95,134.65
2024-02-19,128.8,141.37
2024-02-16,130,144.98
2024-02-15,129.5,143.29
2024-02-14,129.5,142.17
2024-02-13,129.2,139.77
2024-02-09,129,139.54
2024-02-08,129.8,142.16
2024-02-07,126,139.2
2024-02-06,125.5,138.68
2024-02-05,127.2,140.95
2024-02-02,128,139.25
2024-02-01,132.8,145.7
2024-01-31,131.8,144.28
2024-01-30,134.8,147.22
2024-01-29,137.45,149.9
2024-01-26,136.15,147.96
2024-01-25,136.6,148.7
2024-01-24,136.15,148.08
2024-01-23,132.35,144.38
2024-01-22,129.45,142.1
2024-01-19,130.55,143.13
2024-01-18,131.05,142.5
2024-01-17,127.65,138.74
2024-01-16,129.45,142.12
2024-01-15,128.95,140.87
2024-01-12,131.2,143.4
2024-01-11,135.75,146.99
2024-01-10,134.35,145.8
2024-01-09,139.1,149.38
2024-01-08,139.4,149.71
2024-01-05,140.3,150.74
2024-01-04,143.2,153.7
2024-01-03,143.95,154.41
2024-01-02,143.2,153.5
2023-12-29,140.5,151.56
2023-12-28,138.9,150.11
2023-12-27,141.4,152.51
2023-12-26,141.45,151.84
2023-12-25,#N/A,#N/A
2023-12-22,140,150.86
2023-12-21,138,148.62
2023-12-20,134.95,145.89
2023-12-19,133.8,144.98
2023-12-18,133.95,145.28
2023-12-15,135.6,147.11
2023-12-14,135.25,147.04
2023-12-13,135.9,146.76
2023-12-12,138.05,149
2023-12-11,136.85,148.87
2023-12-08,137.4,149.21
2023-12-07,136.05,148.01
2023-12-06,133.65,145.84
2023-12-05,131.4,143.54
2023-12-04,131.05,143.71
2023-12-01,133.25,146.01
2023-11-30,132.05,144.56
2023-11-29,130.45,143.07
2023-11-28,129.45,142.43
2023-11-27,133.45,146.48
2023-11-24,135.6,147.67
2023-11-23,134.8,147.22
2023-11-22,136,148.29
2023-11-21,133.95,146.96
2023-11-20,131.9,145.48
2023-11-17,129.75,142.32
2023-11-16,132.4,144.7
2023-11-15,132,142.16
2023-11-14,130.2,140.39
2023-11-13,#N/A,#N/A
2023-11-10,129.8,140.02
2023-11-09,128.15,138.1
2023-11-08,127.7,137.9
2023-11-07,126.1,135.69
2023-11-06,127.1,136.44
2023-11-03,126.8,136.07
2023-11-02,126.6,135.97
2023-11-01,125.35,134.96
2023-10-31,123.15,132.73
2023-10-30,122.9,133.53
2023-10-27,121.8,131.25
2023-10-26,119,128.85
2023-10-25,120,129.07
2023-10-24,118.55,128.07
2023-10-23,115.55,125.04
2023-10-20,115.25,125
2023-10-19,119.35,128.08
2023-10-18,118.35,127.94
2023-10-17,120.35,129.22
2023-10-16,120.15,129.26
2023-10-13,118.45,128.1
2023-10-12,118.2,127.05
2023-10-11,116.25,125.2
2023-10-10,114.05,122.51
2023-10-09,116.35,124.36
2023-10-06,119.45,127.28
2023-10-05,119.5,127.39
2023-10-04,119.7,127.65
2023-10-03,119.8,127.65
2023-10-02,119.9,128.08
2023-09-29,119.8,128
2023-09-28,119.7,127.5
2023-09-27,118.3,126.3
2023-09-26,117.4,125.2
2023-09-25,118.8,126.6
2023-09-22,123.6,131.7
2023-09-21,119.85,128.9
2023-09-20,124.65,133.1
2023-09-19,122.75,131.5
2023-09-18,124.45,133.6
2023-09-15,125.6,135
2023-09-14,123.95,132.4
2023-09-13,122.5,131.5
2023-09-12,122.6,131.4
2023-09-11,120.65,130
2023-09-08,116.8,126.1
2023-09-07,117.7,127
2023-09-06,119.5,129.4
2023-09-05,118.75,128
2023-09-04,118.5,128
2023-09-01,#N/A,#N/A
2023-08-31,118.2,129.3
2023-08-30,116.45,127.7
2023-08-29,114.05,125.9
2023-08-28,113.95,126
2023-08-25,116.21,128.3
2023-08-24,114.5,126.5
2023-08-23,116.5,127.7
2023-08-22,113.3,125.4
2023-08-21,110.35,122.2
2023-08-18,109.35,121.8
2023-08-17,108.8,120.7
2023-08-16,104.45,116.1
2023-08-15,104.1,116.5
2023-08-14,103.45,115.2
2023-08-11,105.1,117.4
2023-08-10,103.35,115.9
2023-08-09,#N/A,#N/A
2023-08-08,104.8,115
2023-08-07,104.1,115.9
2023-08-04,105.03,116.6
2023-08-03,103.75,116
2023-08-02,106.95,119.3
2023-08-01,109.55,122.2
2023-07-31,110.05,123.3
2023-07-28,109.4,122.7
2023-07-27,113.1,126.8
2023-07-26,116.45,129.8
2023-07-25,116.75,129.1
2023-07-24,114.5,126.3
2023-07-21,115.35,127
2023-07-20,116.25,130.3
2023-07-19,114,128.1
2023-07-18,115.85,129.4
2023-07-17,115.05,128.8
2023-07-14,115.8,130.4
2023-07-13,111.75,125.8
2023-07-12,110.55,125.2
2023-07-11,107.6,121.8
2023-07-10,105.4,119.1
2023-07-07,109.45,123.2
2023-07-06,111.85,125.5
2023-07-05,111.55,125.5
2023-07-04,110.5,123.5
2023-07-03,110.55,122.9
2023-06-30,111.6,124.6
2023-06-29,#N/A,#N/A
2023-06-28,113.5,127.1
2023-06-27,113.95,125.4
2023-06-26,109.45,122.2
2023-06-23,112.15,122.5
2023-06-22,112.4,125
2023-06-21,112.4,123.8
2023-06-20,114.75,126.5
2023-06-19,115.15,127
2023-06-16,115.5,126.9
2023-06-15,115.4,126.9
2023-06-14,114.3,126.4
2023-06-13,112.9,125.3
2023-06-12,112.4,122.8
2023-06-09,116.65,127.4
2023-06-08,114.5,125
2023-06-07,111.1,122.6
2023-06-06,109.9,120.8
2023-06-05,109,119.9
2023-06-02,#N/A,#N/A
2023-06-01,104.35,117.5
2023-05-31,103.2,115.5
2023-05-30,102.65,115.5
2023-05-29,104.45,116.9
2023-05-26,102.45,114.9
2023-05-25,98.1,110.8
2023-05-24,97.35,110.2
2023-05-23,102.4,115.3
2023-05-22,104.85,118.7
2023-05-19,108.4,122.7
2023-05-18,110.3,123.8
2023-05-17,111,124.5
2023-05-16,108.4,122.6
2023-05-15,108.4,122.6
2023-05-12,103.05,117.1
2023-05-11,102.85,117
2023-05-10,107.5,121.5
2023-05-09,106,120.2
2023-05-08,109.95,123.3
2023-05-05,103.65,115.8
2023-05-04,104.05,117.2
2023-05-03,106.2,120.1
2023-05-02,106.4,120.7
2023-04-28,106.5,120.4
2023-04-27,106.05,120.5
2023-04-26,107.75,121.6
2023-04-25,104.35,118.8
2023-04-24,106.8,121.3
2023-04-21,112.15,125.9
2023-04-20,118.2,133.3
2023-04-19,120.7,135.3
2023-04-18,120.45,135.1
2023-04-17,120,134.2
2023-04-14,118.9,134.1
2023-04-13,118.95,133.8
2023-04-12,120.75,135.5
2023-04-11,122,135.9
2023-04-10,119.65,134.6
2023-04-07,#N/A,#N/A
2023-04-06,119.6,135.3
2023-04-05,120.45,135.8
2023-04-04,121.3,136.2
2023-04-03,122.4,138.4
2023-03-31,127.3,143.5
2023-03-30,128,143.3
2023-03-29,125.1,140
2023-03-28,123.7,139.1
2023-03-27,121.65,136.9
2023-03-24,121.1,137.2
2023-03-23,120.3,136.4
2023-03-22,121.4,137.6
2023-03-21,124.7,140.7
2023-03-20,129.5,142.7
2023-03-17,132,147.3
2023-03-16,130.45,146.2
2023-03-15,133.1,149.5
2023-03-14,133,148.6
2023-03-13,132.35,148.6
2023-03-10,129.95,145
2023-03-09,129,143.7
2023-03-08,127.9,143
2023-03-07,128,143
2023-03-06,125.35,139.2
2023-03-03,127.45,142
2023-03-02,127.25,141.3
2023-03-01,126.8,141.3
2023-02-28,124.1,137.3
2023-02-27,122.5,136.7
2023-02-24,126.65,141.8
2023-02-23,130.2,145.3
2023-02-22,130.6,145.5
2023-02-21,131.85,146.9
2023-02-20,129.55,143.7
2023-02-17,127.3,141.5
2023-02-16,124.75,140.2
2023-02-15,123.6,139
2023-02-14,123.75,138
2023-02-13,121.85,136.9
2023-02-10,126.1,140.3
2023-02-09,125.5,139.6
2023-02-08,122.9,137.6
2023-02-07,121.7,138.2
2023-02-06,124.05,139.5
2023-02-03,126.25,141.5
2023-02-02,125.15,140
2023-02-01,126.7,143
2023-01-31,128.95,143.7
2023-01-30,129.8,144.2
2023-01-27,127.4,141.8
2023-01-26,127.4,141.4
2023-01-25,126.8,140.9
2023-01-24,#N/A,#N/A
2023-01-23,#N/A,#N/A
2023-01-20,126.65,140.9
2023-01-19,124.95,138.6
2023-01-18,122.7,136
2023-01-17,121.5,136
2023-01-16,120.75,134.5
2023-01-13,127,140.4
2023-01-12,123.65,137.9
2023-01-11,124,138.3
2023-01-10,122.15,137.2
2023-01-09,118.7,132.5
2023-01-06,119.8,133.5
2023-01-05,117.2,131.1
2023-01-04,117,131.2
2023-01-03,117.65,132
2022-12-30,117.35,132.3
2022-12-29,115.55,129.3
2022-12-28,114.75,129
2022-12-27,114.65,129
2022-12-26,#N/A,#N/A
2022-12-23,112.5,126.1
2022-12-22,111.65,126.6
2022-12-21,114.25,129.4
2022-12-20,110.5,124.4
2022-12-19,109.2,123.8
2022-12-16,112.7,126.9
2022-12-15,113.15,128
2022-12-14,109.75,122.9
2022-12-13,110.3,122.9
2022-12-12,110.25,123.8
2022-12-09,112.4,125.1
2022-12-08,110.7,122.4
2022-12-07,107.45,119.9
2022-12-06,109.7,121.7
2022-12-05,109.6,122.4
2022-12-02,107.3,119.3
2022-12-01,103.1,115.7
2022-11-30,101.15,113.6
2022-11-29,101.25,113.6
2022-11-28,98.9,111
2022-11-25,99.65,112.1
2022-11-24,96.45,107.9
2022-11-23,95.2,107.2
2022-11-22,94.2,106.1
2022-11-21,96.25,107.4
2022-11-18,99.1,110.7
2022-11-17,98.35,108.7
2022-11-16,98.1,109
2022-11-15,95.7,106.8
2022-11-14,95.3,106.1
2022-11-11,92.25,103.2
2022-11-10,88.15,98.6
2022-11-09,89.55,100.5
2022-11-08,89.05,100.1
2022-11-07,87.95,98
2022-11-04,88.05,98.4
2022-11-03,83.75,94
2022-11-02,83.05,93.3
2022-11-01,80.15,91.1
2022-10-31,79.5,90.8
2022-10-28,81.85,93.1
2022-10-27,82.5,94.9
2022-10-26,87.8,100.3
2022-10-25,89.5,101.9
2022-10-24,#N/A,#N/A
2022-10-21,93,104.1
2022-10-20,91.4,103
2022-10-19,93.75,105.8
2022-10-18,94.8,106.5
2022-10-17,93.75,106.5
2022-10-14,96.15,108.7
2022-10-13,94.2,108.2
2022-10-12,96.5,110
2022-10-11,97.05,111
2022-10-10,98.75,112.7
2022-10-07,95.8,108.5
2022-10-06,95.8,108.5
2022-10-05,95.7,108.5
2022-10-04,95.5,108
2022-10-03,95.3,108
2022-09-30,95.95,110
2022-09-29,95.85,110
2022-09-28,95.5,109.3
2022-09-27,97.6,111.2
2022-09-26,96.05,109.3
2022-09-23,99.6,111.2
2022-09-22,98.75,110.6
2022-09-21,96.4,108.4
2022-09-20,96.65,109.1
2022-09-19,97.7,109.5
2022-09-16,98.45,110
2022-09-15,101.05,113
2022-09-14,100.8,113.5
2022-09-13,104.25,116.5
2022-09-12,101.95,114.2
2022-09-09,103.65,114.5
2022-09-08,97.1,112.1
2022-09-07,96.9,108
2022-09-06,97.3,108.7
2022-09-05,98,110.6
2022-09-02,95,107.3
2022-09-01,95.6,108.5
2022-08-31,100.95,112.6
2022-08-30,97.6,109.6
2022-08-29,101.75,114.2
2022-08-26,105.8,118.1
2022-08-25,102.25,115.9
2022-08-24,102.5,116.6
2022-08-23,102.3,114.6
2022-08-22,100.65,113.6
2022-08-19,99.7,114
2022-08-18,100.6,112.9
2022-08-17,100.4,113.1
2022-08-16,104.05,116.7
2022-08-15,104.4,117.3
2022-08-12,108.85,121.3
2022-08-11,110.6,122.9
2022-08-10,108.4,120.8
2022-08-09,#N/A,#N/A
2022-08-08,108.8,122.2
2022-08-05,106.95,119.8
2022-08-04,103.8,120.7
2022-08-03,108.1,119.9
2022-08-02,113.3,124.7
2022-08-01,112.9,124.2
2022-07-29,114,125.2
2022-07-28,117.95,129.7
2022-07-27,111.05,122.6
2022-07-26,111.7,122.7
2022-07-25,104,114.6
2022-07-22,101.9,113.5
2022-07-21,96.4,109
2022-07-20,97.55,110.2
2022-07-19,96.45,108.7
2022-07-18,100.9,112.2
2022-07-15,96.6,108.2
2022-07-14,100.25,113.4
2022-07-13,109.4,121.5
2022-07-12,105.8,118.5
2022-07-11,#N/A,#N/A
2022-07-08,114.05,127.4
2022-07-07,114.85,127.3
2022-07-06,112.35,125.7
2022-07-05,114.3,126.3
2022-07-04,109.9,125.2
2022-07-01,116.45,130
2022-06-30,120.1,136.9
2022-06-29,123.2,139.4
2022-06-28,125,140.8
2022-06-27,119.6,136.4
2022-06-24,115,130.9
2022-06-23,116.05,129.4
2022-06-22,109.4,128.1
2022-06-21,115.9,134.4
2022-06-20,112.35,131.7
2022-06-17,122.15,141.4
2022-06-16,129.5,149.8
2022-06-15,130.85,151.3
2022-06-14,134.2,155.8
2022-06-13,136.6,158.6
2022-06-10,141.55,162.9
2022-06-09,143.85,166.3
2022-06-08,146.9,167.8
2022-06-07,147.25,169.8
2022-06-06,146.75,168.2
2022-06-03,143.65,166.9
2022-06-02,143.65,166.8
2022-06-01,136.55,160.6
2022-05-31,136.5,161
2022-05-30,136.6,160.8
2022-05-27,134.45,159.4
2022-05-26,131.25,156.5
2022-05-25,133.4,157.8
2022-05-24,130.5,156.8
2022-05-23,135.95,159.9
2022-05-20,136.25,159.7
2022-05-19,129.4,152
2022-05-18,126.6,151.3
2022-05-17,130.15,153.8
2022-05-16,#N/A,#N/A
2022-05-13,127.35,153.8
2022-05-12,127.55,150.6
2022-05-11,133.5,157.9
2022-05-10,128.1,152
2022-05-09,131.35,154.9
2022-05-06,139,163.7
2022-05-05,145.8,169.6
2022-05-04,142.90,168.7
2022-04-29,142.35,169.4
2022-04-28,142.00,167.1
2022-04-27,140.45,166.9
2022-04-26,138.95,163.6
2022-04-25,135.75,161.8
2022-04-22,150.50,176.3
2022-04-21,150.05,176.3
2022-04-20,150.70,176.3
2022-04-19,149.85,175.2
2022-04-18,153.85,179.1
2022-04-15,#N/A,#N/A
2022-04-14,152.80,176
2022-04-13,151.40,174.9
2022-04-12,154.85,178.1
2022-04-11,150.60,174.9
2022-04-08,154.65,178.1
2022-04-07,155.05,181
2022-04-06,160.20,184.7
2022-04-05,160.80,186.2
2022-04-04,160.80,186.1
2022-04-01,159.85,185
2022-03-31,158.30,184
2022-03-30,158.20,182.7
2022-03-29,152.95,178.4
2022-03-28,152.40,177.9
2022-03-25,150.80,177.4
2022-03-24,146.35,172.5
2022-03-23,146.45,172.7
2022-03-22,143.5,171.2
2022-03-21,147.9,175.6
2022-03-18,151.35,178.1
2022-03-17,146.9,172.8
2022-03-16,145.45,172.8
2022-03-15,135.55,167.7
2022-03-14,144.9,174.9
2022-03-11,154.5,185.1
2022-03-10,156.35,187.2
2022-03-09,157.55,188.4
2022-03-08,162.25,191.3
2022-03-07,162.75,191.7
2022-03-04,152.40,183.1
2022-03-03,153.00,183.2
2022-03-02,145.00,174.7
2022-03-01,144.45,174
2022-02-28,139.10,166.7
2022-02-25,133.45,163.4
2022-02-24,136.95,165.1
2022-02-23,138.05,166
2022-02-22,136.75,163.8
2022-02-21,139.00,165.8
2022-02-18,133.50,158.5
2022-02-17,130.65,158
2022-02-16,140.30,168.8
2022-02-15,136.20,164.8
2022-02-14,149.40,178.4
2022-02-11,150.15,180
2022-02-10,153.75,183.6
2022-02-09,146.75,177.2
2022-02-08,149.95,180.4
2022-02-07,149.40,179.5
2022-02-04,146.60,178.3
2022-02-03,145.95,178.3
2022-01-31,141.75,178.3
2022-01-28,147.90,178.6
2022-01-27,138.75,170.3
2022-01-26,138.10,169.8
2022-01-25,137.85,170.8
2022-01-24,133.70,164.2
2022-01-21,137.40,166.2
2022-01-20,133.65,161.9
2022-01-19,130.20,159.8
2022-01-18,127.30,158.1
2022-01-17,124.00,154.1
2022-01-14,126.75,156.6
2022-01-13,127.95,157.8
2022-01-12,131.60,161
2022-01-11,128.60,159.2
2022-01-10,125.45,151.2
2022-01-07,127.30,154
2022-01-06,128.25,156
2022-01-05,125.35,145
2022-01-04,122.90,142.7
2022-01-03,119.50,142
2021-12-31,119.00,139.5
2021-12-30,117.25,138.1
2021-12-29,118.05,136.9
2021-12-28,117.70,138.7
2021-12-24,125.05,145.5
2021-12-23,123.75,143.2
2021-12-22,122.60,143
2021-12-21,123.80,145.6
2021-12-20,123.20,141.8
2021-12-17,118.25,136.7
2021-12-16,114.70,132.4
2021-12-15,109.70,127.3
2021-12-14,108.25,126.9
2021-12-13,110.20,129.7
2021-12-10,102.60,122.5
2021-12-09,106.70,124.8
2021-12-08,107.00,127.7
2021-12-07,108.55,127.2
2021-12-06,100.40,117.8
2021-12-03,98.50,116.3
2021-12-02,98.35,115.8
2021-12-01,101.40,118.6
2021-11-30,100.10,116.9
2021-11-29,99.95,117.9
2021-11-26,96.65,111.4
2021-11-25,100.10,117.9
2021-11-24,103.45,116.9
2021-11-23,99.45,113.8
2021-11-22,94.70,109.2
2021-11-19,91.30,105.9
2021-11-18,87.20,102
2021-11-17,89.95,105.9
2021-11-16,90.40,104.5
2021-11-15,89.15,104.1
2021-11-12,89.75,104.7
2021-11-11,94.20,109.2
2021-11-10,89.50,104.4
2021-11-09,92.45,109.4
2021-11-08,93.85,110.8
2021-11-05,92.75,110.8
2021-11-03,99.70,117.4
2021-11-02,96.45,113.9
2021-11-01,103.30,122.4
2021-10-29,106.75,127.1
2021-10-28,113.15,131.3
2021-10-27,119.65,140.7
2021-10-26,122.75,143.2
2021-10-25,119.75,139.9
2021-10-22,120.35,143.3
2021-10-21,117.50,141.8
2021-10-20,124.45,147
2021-10-19,123.50,147.1
2021-10-18,124.15,148.1
2021-10-15,125.45,148
2021-10-14,126.00,150.6
2021-10-13,123.60,148.4
2021-10-12,128.50,152.3
2021-10-11,136.95,160
2021-10-08,125.05,146.1
2021-10-07,117.80,138.6
2021-10-06,117.80,138.5
2021-10-05,117.80,138.5
2021-10-04,117.80,139.3
2021-10-01,117.00,138.2
2021-09-30,118.25,141.2
2021-09-29,114.80,138.3
2021-09-28,112.35,136.5
2021-09-27,118.65,143.6
2021-09-24,110.15,135.9
2021-09-23,108.90,134.6
2021-09-22,107.55,130.9
2021-09-21,94.00,117.5
2021-09-20,94.00,117.6
2021-09-17,100.80,127.5
2021-09-16,106.50,133.1
2021-09-15,113.40,139.1
2021-09-14,120.35,143.8
2021-09-13,122.60,146.1
2021-09-10,128.75,153
2021-09-09,130.50,150.7
2021-09-08,133.05,154.6
2021-09-07,137.85,160.7
2021-09-06,131.50,150.9
2021-09-03,145.05,163.6
2021-09-02,139.70,160.7
2021-09-01,143.55,162.3
2021-08-31,152.60,172
2021-08-30,157.75,174.8
2021-08-27,159.05,176.1
2021-08-26,153.35,170.6
2021-08-25,149.45,165.6
2021-08-24,148.60,166.1
2021-08-23,136.50,156
2021-08-20,139.10,158.5
2021-08-19,130.20,152.5
2021-08-18,153.05,179.8
2021-08-17,159.50,188.7
2021-08-16,162.50,191.6
2021-08-13,160.85,191.1
2021-08-12,161.45,191.9
2021-08-11,166.20,195.1
2021-08-10,162.20,192.9
2021-08-06,171.20,203.3
2021-08-05,170.05,203.5
2021-08-04,183.15,214
2021-08-03,184.15,215.1
2021-08-02,183.40,215.4
2021-07-30,180.50,214.4
2021-07-29,195.00,229.2
2021-07-28,201.25,234.2
2021-07-27,200.45,235.1
2021-07-26,202.95,237
2021-07-23,201.90,236.1
2021-07-22,201.50,239.7
2021-07-21,213.60,249.1
2021-07-19,220.05,255.9
2021-07-16,221.10,256.8
2021-07-15,222.30,256.8
2021-07-14,217.85,252.1
2021-07-13,217.85,251.8
2021-07-12,218.45,251
2021-07-09,216.50,248.4
2021-07-08,218.20,251.4
2021-07-07,222.85,254.7
2021-07-06,222.00,254.9
2021-07-05,221.40,255.5
2021-07-02,217.30,251.6
2021-07-01,218.80,252.4
2021-06-30,218.40,251.9
2021-06-29,214.10,249.1
2021-06-28,220.05,255.3
2021-06-25,218.70,250.7
2021-06-24,214.90,249.3
2021-06-23,216.60,251.8
2021-06-22,212.70,249.2
2021-06-21,206.55,239
2021-06-18,217.30,249.4
2021-06-17,220.80,251.5
2021-06-16,213.65,245
2021-06-15,222.35,250.8
2021-06-14,222.30,249.2
2021-06-11,219.95,249.2
2021-06-10,217.00,246.1
2021-06-09,213.50,242.7
2021-06-08,210.40,239.8
2021-06-07,202.85,233.1
2021-06-04,208.35,238
2021-06-03,211.20,241.2
2021-06-02,209.45,240
2021-06-01,209.10,239.9
2021-05-31,198.75,232.8
2021-05-28,189.55,224.9
2021-05-27,187.65,223.6
2021-05-25,191.65,228.8
2021-05-24,188.25,224.3
2021-05-21,200.10,235.7
2021-05-20,210.85,245.1
2021-05-19,215.45,248.7
2021-05-18,223.75,258.7
2021-05-17,217.00,249.3
2021-05-14,209.35,241.7
2021-05-12,233.10,267.8
2021-05-11,228.90,260.6
2021-05-10,229.55,263
2021-05-07,212.75,243.6
2021-05-06,202.65,234.7
2021-05-05,192.70,227
2021-05-04,189.65,222.5
2021-05-03,186.45,222.5
2021-04-30,186.45,222.5
2021-04-29,190.45,225.3
2021-04-28,190.45,226.6
2021-04-27,193.85,227.8
2021-04-26,191.45,226.9
2021-04-23,185.10,220.9
2021-04-22,183.60,218.7
2021-04-21,185.75,221.9
2021-04-20,187.75,222.8
2021-04-19,181.20,216.3
2021-04-16,177.85,211.1
2021-04-15,177.30,211.1
2021-04-14,172.65,205
2021-04-13,172.35,205.2
2021-04-12,173.00,205.9
2021-04-09,172.35,203.1
2021-04-08,172.15,202.6
2021-04-07,172.90,202.6
2021-04-06,170.85,199.3
2021-04-05,167.70,197.5
2021-04-01,167.00,197.1
2021-03-31,164.75,194.1
2021-03-30,166.55,195
2021-03-29,167.70,198
2021-03-26,161.45,190.8
2021-03-25,160.20,190.4
2021-03-24,159.55,189.2
2021-03-23,160.50,188.3
2021-03-22,156.35,184
2021-03-19,160.20,187.5
2021-03-18,166.00,192.3
2021-03-17,165.85,191.9
2021-03-16,166.30,192.5
2021-03-15,163.65,189
2021-03-12,165.70,190.6
2021-03-11,171.05,195.6
2021-03-10,164.70,188.8
2021-03-09,163.60,189.3
2021-03-08,174.15,198.4
2021-03-05,174.65,199.2
2021-03-04,178.45,202.9
2021-03-03,177.45,199.7
2021-03-02,175.55,198.8
2021-03-01,174.35,198
2021-02-26,176.65,199.4
2021-02-25,174.30,197.8
2021-02-24,172.50,196.9
2021-02-23,172.75,197.3
2021-02-22,175.60,200
2021-02-19,172.20,197.2
2021-02-18,174.45,198
2021-02-17,168.95,190.2
2021-02-16,165.95,190.2
2021-02-15,165.95,190.2
2021-02-11,165.95,190.2
2021-02-10,165.95,190.5
2021-02-09,163.45,187.3
2021-02-08,159.80,184.7
2021-02-05,155.90,180.1
2021-02-04,158.05,181.7
2021-02-03,152.05,175.5
2021-02-02,150.10,173
2021-02-01,156.05,180.5
2021-01-29,158.05,182.6
2021-01-28,156.20,182.1
2021-01-27,165.55,190.2
2021-01-26,164.65,189.2
2021-01-25,168.50,193
2021-01-22,168.60,193.3
2021-01-21,170.55,194.7
2021-01-20,168.90,194.1
2021-01-19,170.25,192.5
2021-01-18,173.60,195.3
2021-01-15,172.80,194.9
2021-01-14,171.45,194.3
2021-01-13,169.00,191.5
2021-01-12,171.35,193.6
2021-01-11,171.10,193.7
2021-01-08,171.75,192
2021-01-07,170.60,189.6
2021-01-06,167.95,186.4
2021-01-05,167.15,184.1
2021-01-04,164.50,181.5
2020-12-31,159.20,173.7
2020-12-30,158.90,172.9
2020-12-29,162.50,176.2
2020-12-28,164.25,177.9
2020-12-24,166.50,179.6
2020-12-23,163.05,175.7
2020-12-22,167.00,178.2
2020-12-21,176.90,190.1
2020-12-18,164.15,177
2020-12-17,158.70,171.1
2020-12-16,157.05,168.9
2020-12-15,155.75,167.2
2020-12-14,154.50,167
2020-12-11,160.70,173.3
2020-12-10,158.25,170.3
2020-12-09,150.75,162.4
2020-12-08,149.95,160.4
2020-12-07,147.55,159.1
2020-12-04,145.30,157
2020-12-03,137.80,149.5
2020-12-02,136.75,148.1
2020-12-01,133.05,144.4
2020-11-30,132.30,143.1
2020-11-27,130.95,141.6
2020-11-26,129.95,141.4
2020-11-25,128.15,139.6
2020-11-24,127.75,139
2020-11-23,126.80,139.1
2020-11-20,129.50,140.5
2020-11-19,128.30,139.7
2020-11-18,127.25,138.6
2020-11-17,126.15,138.3
2020-11-16,124.00,137
2020-11-13,122.65,134.6
2020-11-12,123.40,135
2020-11-11,124.90,136
2020-11-10,123.30,134.6
2020-11-09,121.80,134
2020-11-06,118.10,130
2020-11-05,117.45,129.1
2020-11-04,117.65,129.1
2020-11-03,117.70,129.8
2020-11-02,119.05,130.8
2020-10-30,117.95,130.4
2020-10-29,116.25,129.7
2020-10-28,116.95,130.3
2020-10-27,115.70,129.8
2020-10-26,115.00,129.4
2020-10-23,115.55,130.1
2020-10-22,119.75,133.3
2020-10-21,120.40,133.8
2020-10-20,119.50,133
2020-10-19,119.40,132.3
2020-10-16,119.05,132.4
2020-10-15,118.90,131.7
2020-10-14,119.75,132.7
2020-10-13,121.35,133.8
2020-10-12,123.85,136.8
2020-10-09,125.85,138
2020-10-08,123.15,134.4
2020-10-07,123.15,134.4
2020-10-06,123.15,134.4
2020-10-05,123.15,134.4
2020-10-02,123.15,134.4
2020-10-01,123.15,134.4
2020-09-30,123.15,134.4
2020-09-29,118.95,129.5
2020-09-28,117.05,128.5
2020-09-25,116.05,128
2020-09-24,115.90,128.9
2020-09-23,114.40,127.2
2020-09-22,117.00,130.3
2020-09-21,120.00,133.8
2020-09-18,125.20,137.5
2020-09-17,122.05,135
2020-09-16,124.30,137.8
2020-09-15,128.55,142.8
2020-09-14,130.50,143.1
2020-09-11,129.05,141.4
2020-09-10,126.30,139.4
2020-09-09,127.20,139.4
2020-09-08,129.00,142.1
2020-09-07,129.90,143.3
2020-09-04,128.70,141.1
2020-09-03,130.80,141.9
2020-09-02,128.05,140
2020-09-01,125.45,137.6
2020-08-31,124.35,137.3
2020-08-28,123.25,135.8
2020-08-27,121.20,133.4
2020-08-26,123.25,135.8
2020-08-25,121.50,131.5
2020-08-24,124.45,133.6
2020-08-21,126.65,135.5
2020-08-20,128.40,136.7
2020-08-19,128.80,136.7
2020-08-18,127.60,134.8
2020-08-17,121.90,128.5
2020-08-14,121.75,128.6
2020-08-13,120.75,128.5
2020-08-12,122.20,128.4
2020-08-11,121.45,128.1
2020-08-07,118.85,126.9
2020-08-06,121.40,128.4
2020-08-05,118.45,127.1
2020-08-04,118.00,126.9
2020-08-03,116.35,126.3
2020-07-30,111.45,122.3
2020-07-29,110.90,122.5
2020-07-28,108.05,119.4
2020-07-27,107.80,119.4
2020-07-24,109.55,120.8
2020-07-23,111.20,121.4
2020-07-22,110.40,121.4
2020-07-21,111.15,121.8
2020-07-20,109.50,121.2
2020-07-17,110.45,121.5
2020-07-16,110.35,121.6
2020-07-15,112.70,123.9
2020-07-14,112.40,123.4
2020-07-13,111.85,123
2020-07-09,107.05,118.5
2020-07-08,106.90,118.3
2020-07-07,103.45,116.2
2020-07-06,101.60,115
2020-07-03,101.20,113.5
2020-07-02,100.45,112.6
2020-07-01,100.75,112.5
2020-06-30,101.05,112.4
2020-06-29,99.70,112
2020-06-26,104.35,115.8
2020-06-25,104.60,115.8
2020-06-24,104.60,115.8
2020-06-23,102.50,114
2020-06-22,101.50,114.4
2020-06-19,103.00,116.1
2020-06-18,103.00,115.2
2020-06-17,103.60,115.7
2020-06-16,105.45,117.4
2020-06-15,103.45,116.6
2020-06-12,105.35,117.7
2020-06-11,103.95,116.5
2020-06-10,103.85,116.8
2020-06-09,105.15,117.9
2020-06-08,106.55,118.5
2020-06-05,100.95,113.5
2020-06-04,99.20,113.5
2020-06-03,100.80,114.5
2020-06-02,101.75,114.7
2020-06-01,100.50,115
2020-05-29,100.90,115.3
2020-05-28,96.40,112
2020-05-27,95.10,110.9
2020-05-26,94.60,110.1
2020-05-22,96.85,113.1
2020-05-21,97.95,113.8
2020-05-20,96.10,112.5
2020-05-19,97.95,114.9
2020-05-18,96.15,113.4
2020-05-15,93.25,110.1
2020-05-14,90.75,108.6
2020-05-13,91.15,108.1
2020-05-12,90.15,107
2020-05-11,87.85,106
2020-05-08,88.45,106
2020-05-06,84.20,102.3
2020-05-05,83.95,101.7
2020-05-04,83.95,101.7
2020-04-30,83.95,101.7
2020-04-29,82.60,101.1
2020-04-28,82.40,101.2
2020-04-27,83.40,102.1
2020-04-24,83.90,101.4
2020-04-23,83.70,102.5
2020-04-22,84.20,100.4
2020-04-21,83.60,101.1
2020-04-20,86.20,103.7
2020-04-17,85.45,102.8
2020-04-16,84.50,102.5
2020-04-15,85.85,102.9
2020-04-14,86.10,102.2
2020-04-13,85.20,102.5
2020-04-09,83.55,99.5
2020-04-08,83.30,98.4
2020-04-07,81.95,97.3
2020-04-06,82.55,97.7
2020-04-03,82.65,97.7
2020-04-02,83.50,97.8
2020-04-01,82.00,97.3
2020-03-31,83.70,97.9
2020-03-30,82.55,97.9
2020-03-27,85.90,101.4
2020-03-26,85.95,102.2
2020-03-25,87.05,103.4
2020-03-24,84.30,102.1
2020-03-23,80.20,96.7
2020-03-20,86.55,103.7
2020-03-19,90.50,106.5
2020-03-18,90.75,107.3
2020-03-17,90.75,106.2
2020-03-16,90.05,106.1
2020-03-13,91.00,106.1
2020-03-12,90.10,105.3
2020-03-11,89.35,105
2020-03-10,91.40,107.1
2020-03-09,87.20,102.9
2020-03-06,89.50,104.5
2020-03-05,91.90,106.4
2020-03-04,90.95,106.5
2020-03-03,87.85,103.1
2020-03-02,88.85,104.2
2020-02-28,83.90,98.6
2020-02-27,85.40,100.2
2020-02-26,87.35,102.1
2020-02-25,90.10,104.8
2020-02-24,91.20,105.5
2020-02-21,91.80,105.9
2020-02-20,91.10,106
2020-02-19,89.15,103.8
2020-02-18,89.15,104.2
2020-02-17,90.10,105.3
2020-02-14,88.35,103.4
2020-02-13,88.20,103.5
2020-02-12,88.00,104.5
2020-02-11,85.55,101.8
2020-02-10,81.70,97.6
2020-02-07,82.65,98.4
2020-02-06,82.15,97.6
2020-02-05,80.55,97
2020-02-04,83.05,99.6
2020-02-03,79.80,95.3
2020-01-31,82.55,100.2
2020-01-30,83.00,100.2
2020-01-29,85.60,103.3
2020-01-28,84.70,108
2020-01-24,92.05,108
2020-01-23,92.05,107.6
2020-01-22,95.40,111.8
2020-01-21,95.60,111.9
2020-01-20,95.85,111.1
2020-01-17,95.75,110.7
2020-01-16,95.25,109.2
2020-01-15,95.30,109.5
2020-01-14,96.15,110
2020-01-13,94.50,107.5
2020-01-10,93.25,106.7
2020-01-09,93.40,107.1
2020-01-08,95.65,108
2020-01-07,94.00,107.3
2020-01-06,94.00,106.6
2020-01-03,93.90,106.5
2020-01-02,93.20,104.7
2019-12-31,91.95,103.7
2019-12-30,90.75,103
2019-12-27,90.50,102.7
2019-12-26,89.70,101.9
2019-12-24,90.85,102.3
2019-12-23,91.10,102.6
2019-12-20,90.90,101.7
2019-12-19,93.20,104.5
2019-12-18,92.30,103.7
2019-12-17,93.10,103.8
2019-12-16,93.90,104.3
2019-12-13,94.45,104.5
2019-12-12,93.80,104.1
2019-12-11,94.35,105
2019-12-10,93.15,103.8
2019-12-09,94.35,104.4
2019-12-06,89.40,100.2
2019-12-05,88.70,100.5
2019-12-04,89.00,100.5
2019-12-03,88.00,99.7
2019-12-02,88.75,100
2019-11-29,87.25,99.2
2019-11-28,87.75,99.8
2019-11-27,87.00,99.6
2019-11-26,88.70,101.3
2019-11-25,90.45,102.8
2019-11-22,87.80,100.1
2019-11-21,86.85,99
2019-11-20,86.65,98.2
2019-11-19,85.85,97.4
2019-11-18,85.10,96.8
2019-11-15,84.75,96.9
2019-11-14,83.40,95.8
2019-11-13,81.15,92.7
2019-11-12,81.00,92.3
2019-11-11,78.45,89.8
2019-11-08,79.90,90.7
2019-11-07,82.50,92.7
2019-11-06,83.40,92.7
2019-11-05,82.70,92.3
2019-11-04,82.70,93.1
2019-11-01,85.00,94.8
2019-10-31,84.00,94.5
2019-10-30,85.10,94.8
2019-10-29,85.35,94.9
2019-10-25,87.65,96.5
2019-10-24,87.05,95.7
2019-10-23,86.95,95.4
2019-10-22,86.00,95
2019-10-21,85.05,93.6
2019-10-18,85.70,94.9
2019-10-17,85.95,93.7
2019-10-16,87.10,93.9
2019-10-15,92.05,98.9
2019-10-14,91.50,97
2019-10-11,92.65,99.3
2019-10-10,93.40,99.3
2019-10-09,90.70,96.7
2019-10-08,94.50,100.7
2019-10-07,93.90,100.4
2019-10-04,93.90,100.4
2019-10-03,93.90,100.4
2019-10-02,93.90,100.4
2019-10-01,93.90,100.4
2019-09-30,93.20,100.4
2019-09-27,91.50,98.1
2019-09-26,91.20,97.7
2019-09-25,89.60,97
2019-09-24,89.60,97.8
2019-09-23,93.65,100.7
2019-09-20,91.60,99
2019-09-19,92.00,99.9
2019-09-18,96.10,103
2019-09-17,96.50,103.9
2019-09-16,97.75,105.3
2019-09-13,99.10,105.6
2019-09-12,98.85,105.6
2019-09-11,95.50,101.4
2019-09-10,93.20,99.5
2019-09-09,91.95,98.9
2019-09-06,88.10,95.8
2019-09-05,90.20,96.6
2019-09-04,91.05,97.2
2019-09-03,89.35,96.2
2019-09-02,91.15,97.1
2019-08-30,85.85,92.1
2019-08-29,81.45,89.9
2019-08-28,83.50,91
2019-08-27,83.10,91.1
2019-08-26,86.00,93.9
2019-08-23,88.95,95.5
2019-08-22,85.00,92.3
2019-08-21,83.00,91.6
2019-08-20,88.45,96
2019-08-19,88.70,96.9
2019-08-16,89.55,97.1
2019-08-15,88.80,97.6
2019-08-14,90.35,100
2019-08-13,88.50,97.5
2019-08-08,94.80,101.6
2019-08-07,92.80,100.4
2019-08-06,97.90,106.7
2019-08-05,99.15,110.5
2019-08-02,108.45,118.2
2019-08-01,113.90,123.5
2019-07-31,118.35,126.4
2019-07-30,121.15,128
2019-07-29,118.45,125.8
2019-07-26,118.75,126.6
2019-07-25,117.00,124.9
2019-07-24,115.10,123.3
2019-07-23,118.10,126.2
2019-07-22,118.10,126.8
2019-07-19,121.85,129.2
2019-07-18,119.50,127.4
2019-07-17,120.75,128.6
2019-07-16,122.20,129.3
2019-07-15,121.40,128.5
2019-07-12,118.55,127.7
2019-07-11,119.25,127.1
2019-07-10,121.20,128.4
2019-07-09,122.60,128.6
2019-07-08,117.75,127.9
2019-07-05,114.25,127.3
2019-07-04,122.30,130.8
2019-07-03,126.35,132.6
2019-07-02,126.20,133.1
2019-07-01,121.20,131.5
2019-06-28,117.95,128.1
2019-06-27,116.35,127.5
2019-06-26,114.75,126.6
2019-06-25,113.75,124.9
2019-06-24,116.30,127
2019-06-21,116.40,127.8
2019-06-20,117.55,127.3
2019-06-19,114.25,125.2
2019-06-18,112.00,123.3
2019-06-17,108.20,121.7
2019-06-14,109.40,123.7
2019-06-13,110.20,124.5
2019-06-12,106.50,121
2019-06-11,105.90,119.6
2019-06-10,100.40,116.1
2019-06-07,98.35,115.3
2019-06-06,98.35,115.3
2019-06-04,99.90,115.4
2019-06-03,97.95,114.1
2019-05-31,99.80,117.7
2019-05-30,101.70,119
2019-05-29,103.50,121.2
2019-05-28,106.10,121.6
2019-05-27,108.00,123.4
2019-05-24,103.65,119.3
2019-05-23,102.45,118.5
2019-05-22,103.60,119.2
2019-05-21,101.00,116.7
2019-05-17,100.40,115.6
2019-05-16,98.00,113.5
2019-05-15,94.95,112.1
2019-05-14,93.45,109.4
2019-05-13,94.40,111.4
2019-05-10,95.45,111.5
2019-05-09,95.15,109.8
2019-05-08,94.25,109.8
2019-05-07,95.70,110.4
2019-05-06,93.10,109.6
2019-05-03,94.65,109.8
2019-05-02,94.60,109.8
2019-04-30,94.55,109.8
2019-04-29,93.35,109.3
2019-04-26,92.80,107.4
2019-04-25,92.60,107.4
2019-04-24,92.55,107.5
2019-04-23,94.20,108.1
2019-04-22,93.60,107.8
2019-04-18,91.80,106
2019-04-17,92.50,107
2019-04-16,94.30,108.6
2019-04-15,95.80,109.7
2019-04-12,95.80,109.7
2019-04-11,95.00,107.5
2019-04-10,94.30,106.4
2019-04-09,93.40,106.5
2019-04-08,95.05,106.3
2019-04-05,92.80,105
2019-04-04,92.90,105
2019-04-03,93.10,104.8
2019-04-02,89.65,102.4
2019-04-01,87.90,101
2019-03-29,87.05,99.3
2019-03-28,83.85,96.4
2019-03-27,84.40,96.5
2019-03-26,84.80,96.4
2019-03-25,84.95,96.4
2019-03-22,86.80,96.3
2019-03-21,84.10,95.4
2019-03-20,84.05,95.6
2019-03-19,86.95,97.9
2019-03-18,87.80,98
2019-03-15,86.20,97.5
2019-03-14,87.10,98.2
2019-03-13,84.10,96.1
2019-03-12,85.05,96.8
2019-03-11,83.00,95.4
2019-03-08,84.85,98.6
2019-03-07,87.05,99.7
2019-03-06,85.60,98.3
2019-03-05,88.00,98.9
2019-03-04,86.80,98.2
2019-03-01,87.30,98.1
2019-02-28,84.80,95.4
2019-02-27,83.30,94.9
2019-02-26,83.55,96.5
2019-02-25,84.55,96.9
2019-02-22,86.70,99.5
2019-02-21,86.70,99.8
2019-02-20,87.30,100.2
2019-02-19,88.70,100.6
2019-02-18,88.80,100.8
2019-02-15,87.35,100.5
2019-02-14,87.80,99.9
2019-02-13,86.45,99.5
2019-02-12,87.45,100.5
2019-02-11,90.20,102.5
2019-02-08,94.20,103.3
2019-02-07,90.50,100.8
2019-02-04,86.65,100.8
2019-02-01,87.00,100.8
2019-01-31,85.40,100.9
2019-01-30,85.05,97.6
2019-01-29,79.95,92.2
2019-01-28,78.70,91.6
2019-01-25,75.40,89.1
2019-01-24,75.40,89.2
2019-01-23,74.60,88.7
2019-01-22,74.60,88.9
2019-01-21,75.95,90
2019-01-18,75.95,89.3
2019-01-17,74.75,88.1
2019-01-16,75.20,88.1
2019-01-15,74.60,88
2019-01-14,74.80,88.2
2019-01-11,74.70,88.2
2019-01-10,74.65,87.7
2019-01-09,74.50,88.1
2019-01-08,74.95,88.6
2019-01-07,74.95,88.6
2019-01-04,73.45,87.4
2019-01-03,72.75,87.2
2019-01-02,72.35,86.6
2018-12-28,72.70,87.3
2018-12-27,72.40,87
2018-12-26,71.85,87.1
2018-12-21,72.30,86.9
2018-12-20,72.15,86.9
2018-12-19,70.40,85.3
2018-12-18,69.90,85.3
2018-12-17,70.55,85.3
2018-12-14,69.90,85.3
2018-12-13,68.20,83.5
2018-12-12,67.15,83.4
2018-12-11,66.95,82.8
2018-12-10,66.80,83
2018-12-07,66.95,82.8
2018-12-06,66.10,82.7
2018-12-05,67.55,83.4
2018-12-04,67.60,83
2018-12-03,66.15,82.9
2018-11-30,65.45,82.3
2018-11-29,65.65,82.4
2018-11-28,65.80,82.9
2018-11-27,64.75,81.8
2018-11-26,64.70,81
2018-11-23,68.90,88.9
2018-11-22,72.05,90.7
2018-11-21,73.40,92.6
2018-11-20,73.50,92.6
2018-11-19,75.45,93
2018-11-16,75.10,94.4
2018-11-15,74.15,94.7
2018-11-14,74.55,94.4
2018-11-13,75.20,95.4
2018-11-12,76.75,96.3
2018-11-09,77.25,97.2
2018-11-08,76.25,96.8
2018-11-07,74.50,96.8
2018-11-05,75.80,97.1
2018-11-02,74.10,96.5
2018-11-01,74.55,96.9
2018-10-31,75.55,98
2018-10-30,75.55,98.5
2018-10-29,76.80,98.6
2018-10-26,77.00,98.4
2018-10-25,76.50,98
2018-10-24,76.40,98.2
2018-10-23,74.80,97.7
2018-10-22,75.00,98.3
2018-10-19,73.45,96.7
2018-10-18,74.30,97.2
2018-10-17,74.25,97.1
2018-10-16,71.75,97.2
2018-10-15,71.25,97.3
2018-10-12,71.50,97.2
2018-10-11,71.05,97.1
2018-10-10,71.70,97.4
2018-10-09,70.55,97.1
2018-10-08,69.40,96.5
2018-10-05,69.60,96.4
2018-10-04,69.60,96.4
2018-10-03,69.60,96.4
2018-10-02,69.60,96.4
2018-10-01,69.50,96.4
2018-09-28,69.50,96.4
2018-09-27,69.20,96.4
2018-09-26,69.00,96.2
2018-09-25,68.80,95.8
2018-09-24,68.90,96.6
2018-09-21,69.20,96.6
2018-09-20,69.75,96.8
2018-09-19,69.80,96.6
2018-09-18,69.50,96.5
2018-09-17,69.50,96.4
2018-09-14,69.60,96.7
2018-09-13,69.25,96.5
2018-09-12,68.10,96
2018-09-11,68.35,96
2018-09-10,68.55,96.4
2018-09-07,68.85,96.4
2018-09-06,68.85,95.9
2018-09-05,67.05,95.1
2018-09-04,66.70,95.1
2018-09-03,66.20,94.9
2018-08-31,66.15,94.7
2018-08-30,65.75,94.5
2018-08-29,65.55,94.5
2018-08-28,65.85,93.5
2018-08-27,65.85,93
2018-08-24,66.40,93.8
2018-08-23,65.65,92.7
2018-08-21,66.60,93.3
2018-08-20,67.95,95.6
2018-08-17,67.50,95.6
2018-08-16,66.90,94.4
2018-08-15,67.05,94.9
2018-08-14,67.50,95.3
2018-08-13,68.75,95.6
2018-08-10,68.75,95.6
2018-08-08,69.40,96.7
2018-08-07,68.95,96.8
2018-08-06,68.95,96.2
2018-08-03,67.45,94.3
2018-08-02,66.45,93.3
2018-08-01,66.45,93.4
2018-07-31,67.55,94.1
2018-07-30,66.95,94.1
2018-07-27,67.35,94.1
2018-07-26,65.45,92.3
2018-07-25,65.80,92
2018-07-24,65.35,92
2018-07-23,65.20,92.2
2018-07-20,64.80,91.7
2018-07-19,64.70,92.2
2018-07-18,63.75,91.7
2018-07-17,63.70,91.2
2018-07-16,63.00,91.1
2018-07-13,63.50,91.3
2018-07-12,63.50,91.5
2018-07-11,62.70,90.8
2018-07-10,63.20,91
2018-07-09,63.25,91.3
2018-07-06,62.65,91.5
2018-07-05,62.50,91.6
2018-07-04,63.35,91.6
2018-07-03,63.75,91.5
2018-07-02,63.80,91.6
2018-06-29,64.45,91.7
2018-06-28,63.95,91.1
2018-06-27,63.80,90.6
2018-06-26,64.65,90.4
2018-06-25,64.60,89.6
2018-06-22,63.90,89.6
2018-06-21,63.85,87.7
2018-06-20,64.25,88.3
2018-06-19,64.25,86.8
2018-06-18,66.00,89
2018-06-14,66.00,89
2018-06-13,65.80,88.5
2018-06-12,65.95,88.2
2018-06-11,65.70,88.4
2018-06-08,65.10,87.9
2018-06-07,65.15,87.6
2018-06-06,65.20,87.6
2018-06-05,64.75,87
2018-06-04,63.85,86.3
2018-06-01,64.70,86.4
2018-05-31,64.30,85.8
2018-05-30,64.00,84.9
2018-05-28,63.25,83
2018-05-25,63.75,83.4
2018-05-24,65.15,84
2018-05-23,63.40,82.8
2018-05-22,64.50,83.4
2018-05-21,64.90,84.1
2018-05-18,66.70,85.8
2018-05-17,67.25,86.4
2018-05-16,67.65,86.2
2018-05-15,67.40,86.3
2018-05-14,68.25,87.2
2018-05-11,67.80,86.1
2018-05-10,66.50,85.2
2018-05-09,66.25,85.2
2018-05-08,67.25,85.2
2018-05-07,66.95,85.3
2018-05-04,66.10,84.9
2018-05-03,66.80,85.3
2018-05-02,66.80,85.3
2018-04-30,65.35,84.2
2018-04-27,64.95,84.2
2018-04-26,66.90,84.6
2018-04-25,66.25,84.7
2018-04-24,67.25,85.3
2018-04-23,67.55,85.6
2018-04-20,66.85,84.9
2018-04-19,68.30,86.5
2018-04-18,66.45,83.9
2018-04-17,64.45,82
2018-04-16,64.05,81
2018-04-13,65.25,82.2
2018-04-12,64.75,81.7
2018-04-11,64.20,81.7
2018-04-10,65.85,82.7
2018-04-09,64.05,81.7
2018-04-06,63.00,80.7
2018-04-05,63.00,80.7
2018-04-04,63.00,80.7
2018-04-03,63.80,81.5
2018-04-02,65.40,83.1
2018-03-29,63.10,81.1
2018-03-28,63.05,80.3
2018-03-27,63.45,81
2018-03-26,63.05,80.3
2018-03-23,64.05,81.4
2018-03-22,67.70,83.5
2018-03-21,67.90,83.7
2018-03-20,66.80,83.4
2018-03-19,67.35,83.3
2018-03-16,69.60,86.8
2018-03-15,71.50,88.2
2018-03-14,71.75,88.2
2018-03-13,69.95,86.4
2018-03-12,69.00,86
2018-03-09,70.25,86.8
2018-03-08,72.00,89.8
2018-03-07,75.20,92.5
2018-03-06,75.00,92.3
2018-03-05,75.65,92.7
2018-03-02,77.65,94.4
2018-03-01,78.90,95.4
2018-02-28,78.90,94.9
2018-02-27,79.55,95.2
2018-02-26,79.95,95
2018-02-23,79.20,95.2
2018-02-22,78.25,94.6
2018-02-21,78.25,94.4
2018-02-20,78.25,94.4
2018-02-19,78.25,94.4
2018-02-15,78.25,94.4
2018-02-14,78.25,93.8
2018-02-13,77.85,93.3
2018-02-12,76.55,92.7
2018-02-09,76.55,93.2
2018-02-08,77.85,93.5
2018-02-07,77.50,93.4
2018-02-06,76.00,91.9
2018-02-05,75.95,91.7
2018-02-02,73.80,90
2018-02-01,72.70,88.4
2018-01-31,73.10,88.5
2018-01-30,73.50,89
2018-01-29,73.75,89.4
2018-01-26,74.60,90.1
2018-01-25,75.05,90.8
2018-01-24,74.25,90
2018-01-23,73.70,89.8
2018-01-22,75.90,91.4
2018-01-19,76.85,90.8
2018-01-18,74.85,90
2018-01-17,74.35,90
2018-01-16,75.60,91
2018-01-15,76.50,92
2018-01-12,78.30,93.5
2018-01-11,79.35,94.6
2018-01-10,78.50,93.6
2018-01-09,78.80,93.8
2018-01-08,78.00,92.8
2018-01-05,77.10,92.6
2018-01-04,76.45,91.7
2018-01-03,75.20,90.9
2018-01-02,75.20,90.5
